{
  "results": [
    {
      "quote_count": 0, 
      "contributors": null, 
      "truncated": false, 
      "text": "I refuse to be pessimistic and negative about Canada being poised to #legalize #cannabis. I don't expect perfection on day 1. Just progress.", 
      "is_quote_status": false, 
      "in_reply_to_status_id": null, 
      "reply_count": 8, 
      "id": 870708071630118913, 
      "favorite_count": 55, 
      "source": "<a href=\"http://twitter.com/download/iphone\" rel=\"nofollow\">Twitter for iPhone</a>", 
      "retweeted": false, 
      "coordinates": null, 
      "entities": {
        "user_mentions": [], 
        "symbols": [], 
        "hashtags": [
          {
            "indices": [
              69, 
              78
            ], 
            "text": "legalize"
          }, 
          {
            "indices": [
              79, 
              88
            ], 
            "text": "cannabis"
          }
        ], 
        "urls": []
      }, 
      "in_reply_to_screen_name": null, 
      "id_str": "870708071630118913", 
      "retweet_count": 15, 
      "in_reply_to_user_id": null, 
      "favorited": false, 
      "user": {
        "follow_request_sent": null, 
        "profile_use_background_image": true, 
        "default_profile_image": false, 
        "id": 16197974, 
        "default_profile": false, 
        "verified": true, 
        "profile_image_url_https": "https://pbs.twimg.com/profile_images/858932096869388289/EugG17Cw_normal.jpg", 
        "profile_sidebar_fill_color": "0E0D02", 
        "profile_text_color": "895429", 
        "followers_count": 9705, 
        "profile_sidebar_border_color": "BEDFB6", 
        "id_str": "16197974", 
        "profile_background_color": "0E0D02", 
        "listed_count": 148, 
        "profile_background_image_url_https": "https://abs.twimg.com/images/themes/theme1/bg.png", 
        "utc_offset": null, 
        "statuses_count": 12325, 
        "description": "Barrister and advocate for cannabis policy reform, access to medicinal cannabis and reasonable, accessible cannabis regulations.", 
        "friends_count": 1561, 
        "location": "Victoria BC", 
        "profile_link_color": "39BD91", 
        "profile_image_url": "http://pbs.twimg.com/profile_images/858932096869388289/EugG17Cw_normal.jpg", 
        "following": null, 
        "geo_enabled": true, 
        "profile_banner_url": "https://pbs.twimg.com/profile_banners/16197974/1475389694", 
        "profile_background_image_url": "http://abs.twimg.com/images/themes/theme1/bg.png", 
        "name": "KirkTousaw", 
        "lang": "en", 
        "profile_background_tile": false, 
        "favourites_count": 6727, 
        "screen_name": "KirkTousaw", 
        "notifications": null, 
        "url": "http://www.tousawlaw.ca", 
        "created_at": "Tue Sep 09 04:35:11 +0000 2008", 
        "contributors_enabled": false, 
        "time_zone": null, 
        "protected": false, 
        "translator_type": "none", 
        "is_translator": false
      }, 
      "geo": null, 
      "in_reply_to_user_id_str": null, 
      "lang": "en", 
      "matching_rules": [
        {
          "tag": null
        }
      ], 
      "created_at": "Fri Jun 02 18:25:55 +0000 2017", 
      "filter_level": "low", 
      "in_reply_to_status_id_str": null, 
      "place": {
        "country_code": "CA", 
        "url": "https://api.twitter.com/1.1/geo/id/3c722e45e4a87c76.json", 
        "country": "Canada", 
        "place_type": "city", 
        "bounding_box": {
          "type": "Polygon", 
          "coordinates": [
            [
              [
                -123.892894, 
                48.718989
              ], 
              [
                -123.892894, 
                48.910193
              ], 
              [
                -123.633692, 
                48.910193
              ], 
              [
                -123.633692, 
                48.718989
              ]
            ]
          ]
        }, 
        "full_name": "Cowichan Valley E, British Columbia", 
        "attributes": {}, 
        "id": "3c722e45e4a87c76", 
        "name": "Cowichan Valley E"
      }
    }, 
    {
      "quote_count": 0, 
      "contributors": null, 
      "truncated": false, 
      "text": "Province wants feedback on marijuana legalization in Alberta https://t.co/RH45zaIyFa", 
      "is_quote_status": false, 
      "in_reply_to_status_id": null, 
      "reply_count": 0, 
      "id": 870703840286220290, 
      "favorite_count": 0, 
      "source": "<a href=\"https://dlvrit.com/\" rel=\"nofollow\">dlvr.it</a>", 
      "retweeted": false, 
      "coordinates": {
        "type": "Point", 
        "coordinates": [
          -114.05940132, 
          51.04839287
        ]
      }, 
      "entities": {
        "user_mentions": [], 
        "symbols": [], 
        "hashtags": [], 
        "urls": [
          {
            "url": "https://t.co/RH45zaIyFa", 
            "indices": [
              61, 
              84
            ], 
            "expanded_url": "http://toplocalnow.com/ca/calgary/at/11#t4474658", 
            "display_url": "toplocalnow.com/ca/calgary/at/\u2026"
          }
        ]
      }, 
      "in_reply_to_screen_name": null, 
      "id_str": "870703840286220290", 
      "retweet_count": 0, 
      "in_reply_to_user_id": null, 
      "favorited": false, 
      "user": {
        "follow_request_sent": null, 
        "profile_use_background_image": false, 
        "default_profile_image": false, 
        "id": 68293330, 
        "default_profile": false, 
        "verified": false, 
        "profile_image_url_https": "https://pbs.twimg.com/profile_images/846455945509122049/B50Gq8ZU_normal.jpg", 
        "profile_sidebar_fill_color": "FFFFFF", 
        "profile_text_color": "2A2C31", 
        "followers_count": 2001, 
        "profile_sidebar_border_color": "FFFFFF", 
        "id_str": "68293330", 
        "profile_background_color": "FFFFFF", 
        "listed_count": 106, 
        "profile_background_image_url_https": "https://abs.twimg.com/images/themes/theme1/bg.png", 
        "utc_offset": null, 
        "statuses_count": 211959, 
        "description": "Breaking news and weather updates from Calgary.", 
        "friends_count": 3, 
        "location": "Calgary, AB", 
        "profile_link_color": "465AA5", 
        "profile_image_url": "http://pbs.twimg.com/profile_images/846455945509122049/B50Gq8ZU_normal.jpg", 
        "following": null, 
        "geo_enabled": true, 
        "profile_banner_url": "https://pbs.twimg.com/profile_banners/68293330/1447984763", 
        "profile_background_image_url": "http://abs.twimg.com/images/themes/theme1/bg.png", 
        "name": "Calgary Now", 
        "lang": "en", 
        "profile_background_tile": false, 
        "favourites_count": 1, 
        "screen_name": "CalgaryCP", 
        "notifications": null, 
        "url": "http://toplocalnow.com/ca/calgary", 
        "created_at": "Mon Aug 24 01:44:59 +0000 2009", 
        "contributors_enabled": false, 
        "time_zone": null, 
        "protected": false, 
        "translator_type": "none", 
        "is_translator": false
      }, 
      "geo": {
        "type": "Point", 
        "coordinates": [
          51.04839287, 
          -114.05940132
        ]
      }, 
      "in_reply_to_user_id_str": null, 
      "possibly_sensitive": false, 
      "lang": "en", 
      "matching_rules": [
        {
          "tag": null
        }
      ], 
      "created_at": "Fri Jun 02 18:09:07 +0000 2017", 
      "filter_level": "low", 
      "in_reply_to_status_id_str": null, 
      "place": {
        "country_code": "CA", 
        "url": "https://api.twitter.com/1.1/geo/id/53504716d445dcad.json", 
        "country": "Canada", 
        "place_type": "city", 
        "bounding_box": {
          "type": "Polygon", 
          "coordinates": [
            [
              [
                -114.316038, 
                50.84278
              ], 
              [
                -114.316038, 
                51.212548
              ], 
              [
                -113.859664, 
                51.212548
              ], 
              [
                -113.859664, 
                50.84278
              ]
            ]
          ]
        }, 
        "full_name": "Calgary, Alberta", 
        "attributes": {}, 
        "id": "53504716d445dcad", 
        "name": "Calgary"
      }
    }, 
    {
      "quote_count": 0, 
      "contributors": null, 
      "truncated": false, 
      "text": "Will marijuana legalization result in a much larger reggae scene in Canada?", 
      "is_quote_status": false, 
      "in_reply_to_status_id": null, 
      "reply_count": 1, 
      "id": 870695208421163008, 
      "favorite_count": 5, 
      "source": "<a href=\"http://twitter.com/download/iphone\" rel=\"nofollow\">Twitter for iPhone</a>", 
      "retweeted": false, 
      "coordinates": null, 
      "entities": {
        "user_mentions": [], 
        "symbols": [], 
        "hashtags": [], 
        "urls": []
      }, 
      "in_reply_to_screen_name": null, 
      "id_str": "870695208421163008", 
      "retweet_count": 0, 
      "in_reply_to_user_id": null, 
      "favorited": false, 
      "user": {
        "follow_request_sent": null, 
        "profile_use_background_image": true, 
        "default_profile_image": false, 
        "id": 727106124, 
        "default_profile": false, 
        "verified": false, 
        "profile_image_url_https": "https://pbs.twimg.com/profile_images/850068589826760704/QPIR9CX3_normal.jpg", 
        "profile_sidebar_fill_color": "DDEEF6", 
        "profile_text_color": "0084B4", 
        "followers_count": 1138, 
        "profile_sidebar_border_color": "C0DEED", 
        "id_str": "727106124", 
        "profile_background_color": "C0DEED", 
        "listed_count": 6, 
        "profile_background_image_url_https": "https://abs.twimg.com/images/themes/theme1/bg.png", 
        "utc_offset": null, 
        "statuses_count": 1392, 
        "description": "Disclaimer: This page has no affiliation with the musical group \u201cThe Middle Coast\u201d. We do not own the name nor any of this page\u2019s content.", 
        "friends_count": 574, 
        "location": "Winnipeg, Manitoba", 
        "profile_link_color": "333333", 
        "profile_image_url": "http://pbs.twimg.com/profile_images/850068589826760704/QPIR9CX3_normal.jpg", 
        "following": null, 
        "geo_enabled": true, 
        "profile_banner_url": "https://pbs.twimg.com/profile_banners/727106124/1503521294", 
        "profile_background_image_url": "http://abs.twimg.com/images/themes/theme1/bg.png", 
        "name": "The Middle Coast", 
        "lang": "en", 
        "profile_background_tile": false, 
        "favourites_count": 361, 
        "screen_name": "middlecoastband", 
        "notifications": null, 
        "url": "http://www.themiddlecoast.ca", 
        "created_at": "Mon Jul 30 23:47:48 +0000 2012", 
        "contributors_enabled": false, 
        "time_zone": null, 
        "protected": false, 
        "translator_type": "none", 
        "is_translator": false
      }, 
      "geo": null, 
      "in_reply_to_user_id_str": null, 
      "lang": "en", 
      "matching_rules": [
        {
          "tag": null
        }
      ], 
      "created_at": "Fri Jun 02 17:34:49 +0000 2017", 
      "filter_level": "low", 
      "in_reply_to_status_id_str": null, 
      "place": {
        "country_code": "CA", 
        "url": "https://api.twitter.com/1.1/geo/id/626695e48d21858b.json", 
        "country": "Canada", 
        "place_type": "city", 
        "bounding_box": {
          "type": "Polygon", 
          "coordinates": [
            [
              [
                -100.008104, 
                49.810856
              ], 
              [
                -100.008104, 
                49.916144
              ], 
              [
                -99.805006, 
                49.916144
              ], 
              [
                -99.805006, 
                49.810856
              ]
            ]
          ]
        }, 
        "full_name": "Brandon, Manitoba", 
        "attributes": {}, 
        "id": "626695e48d21858b", 
        "name": "Brandon"
      }
    }, 
    {
      "quote_count": 0, 
      "contributors": null, 
      "truncated": false, 
      "text": "Alberta government public consultation begins today with an online survey yeg ableg https://t.co/o74fVc4zbu", 
      "is_quote_status": false, 
      "in_reply_to_status_id": null, 
      "reply_count": 0, 
      "id": 870684711667904514, 
      "favorite_count": 0, 
      "source": "<a href=\"https://dlvrit.com/\" rel=\"nofollow\">dlvr.it</a>", 
      "retweeted": false, 
      "coordinates": {
        "type": "Point", 
        "coordinates": [
          -113.49975684, 
          53.53925427
        ]
      }, 
      "entities": {
        "user_mentions": [], 
        "symbols": [], 
        "hashtags": [], 
        "urls": [
          {
            "url": "https://t.co/o74fVc4zbu", 
            "indices": [
              84, 
              107
            ], 
            "expanded_url": "http://bit.ly/2s203Bu", 
            "display_url": "bit.ly/2s203Bu"
          }
        ]
      }, 
      "in_reply_to_screen_name": null, 
      "id_str": "870684711667904514", 
      "retweet_count": 0, 
      "in_reply_to_user_id": null, 
      "favorited": false, 
      "user": {
        "follow_request_sent": null, 
        "profile_use_background_image": false, 
        "default_profile_image": false, 
        "id": 74338109, 
        "default_profile": false, 
        "verified": false, 
        "profile_image_url_https": "https://pbs.twimg.com/profile_images/517849581564854272/tPrLdlkF_normal.png", 
        "profile_sidebar_fill_color": "FFFFFF", 
        "profile_text_color": "2A2C31", 
        "followers_count": 1533, 
        "profile_sidebar_border_color": "FFFFFF", 
        "id_str": "74338109", 
        "profile_background_color": "FFFFFF", 
        "listed_count": 99, 
        "profile_background_image_url_https": "https://abs.twimg.com/images/themes/theme1/bg.png", 
        "utc_offset": null, 
        "statuses_count": 138600, 
        "description": "Latest news from Edmonton. Updates are frequent.", 
        "friends_count": 35, 
        "location": "Edmonton, AB", 
        "profile_link_color": "8A1C3B", 
        "profile_image_url": "http://pbs.twimg.com/profile_images/517849581564854272/tPrLdlkF_normal.png", 
        "following": null, 
        "geo_enabled": true, 
        "profile_banner_url": "https://pbs.twimg.com/profile_banners/74338109/1412300545", 
        "profile_background_image_url": "http://abs.twimg.com/images/themes/theme1/bg.png", 
        "name": "Edmonton Press", 
        "lang": "en", 
        "profile_background_tile": false, 
        "favourites_count": 0, 
        "screen_name": "EdmontonCP", 
        "notifications": null, 
        "url": "http://edmonton.cityandpress.com/", 
        "created_at": "Tue Sep 15 02:16:13 +0000 2009", 
        "contributors_enabled": false, 
        "time_zone": null, 
        "protected": false, 
        "translator_type": "none", 
        "is_translator": false
      }, 
      "geo": {
        "type": "Point", 
        "coordinates": [
          53.53925427, 
          -113.49975684
        ]
      }, 
      "in_reply_to_user_id_str": null, 
      "possibly_sensitive": false, 
      "lang": "en", 
      "matching_rules": [
        {
          "tag": null
        }
      ], 
      "created_at": "Fri Jun 02 16:53:06 +0000 2017", 
      "filter_level": "low", 
      "in_reply_to_status_id_str": null, 
      "place": {
        "country_code": "CA", 
        "url": "https://api.twitter.com/1.1/geo/id/6a6d896ba1cb5dc4.json", 
        "country": "Canada", 
        "place_type": "city", 
        "bounding_box": {
          "type": "Polygon", 
          "coordinates": [
            [
              [
                -113.71368, 
                53.395531
              ], 
              [
                -113.71368, 
                53.716108
              ], 
              [
                -113.271555, 
                53.716108
              ], 
              [
                -113.271555, 
                53.395531
              ]
            ]
          ]
        }, 
        "full_name": "Edmonton, Alberta", 
        "attributes": {}, 
        "id": "6a6d896ba1cb5dc4", 
        "name": "Edmonton"
      }
    }, 
    {
      "quote_count": 0, 
      "contributors": null, 
      "truncated": false, 
      "text": "A Criminal Lawyer's industry expertise, useful insight #cannabis #legalization #TOPoli #Canada #Marijuana @Cambridge https://t.co/Wrr7UZN2Ub", 
      "is_quote_status": false, 
      "in_reply_to_status_id": null, 
      "reply_count": 0, 
      "id": 870650498948444162, 
      "favorite_count": 2, 
      "source": "<a href=\"http://twitter.com\" rel=\"nofollow\">Twitter Web Client</a>", 
      "retweeted": false, 
      "coordinates": null, 
      "entities": {
        "user_mentions": [
          {
            "id": 66491529, 
            "indices": [
              106, 
              116
            ], 
            "id_str": "66491529", 
            "screen_name": "Cambridge", 
            "name": "Cambridge House"
          }
        ], 
        "symbols": [], 
        "hashtags": [
          {
            "indices": [
              55, 
              64
            ], 
            "text": "cannabis"
          }, 
          {
            "indices": [
              65, 
              78
            ], 
            "text": "legalization"
          }, 
          {
            "indices": [
              79, 
              86
            ], 
            "text": "TOPoli"
          }, 
          {
            "indices": [
              87, 
              94
            ], 
            "text": "Canada"
          }, 
          {
            "indices": [
              95, 
              105
            ], 
            "text": "Marijuana"
          }
        ], 
        "urls": [
          {
            "url": "https://t.co/Wrr7UZN2Ub", 
            "indices": [
              117, 
              140
            ], 
            "expanded_url": "https://smallcappower.com/videos/editors-pick-video/licensed-marijuana-producers-dan-stein/", 
            "display_url": "smallcappower.com/videos/editors\u2026"
          }
        ]
      }, 
      "in_reply_to_screen_name": null, 
      "id_str": "870650498948444162", 
      "retweet_count": 0, 
      "in_reply_to_user_id": null, 
      "favorited": false, 
      "user": {
        "follow_request_sent": null, 
        "profile_use_background_image": true, 
        "default_profile_image": false, 
        "id": 179959497, 
        "default_profile": false, 
        "verified": false, 
        "profile_image_url_https": "https://pbs.twimg.com/profile_images/684019869377892352/JqphVlFs_normal.png", 
        "profile_sidebar_fill_color": "EADEAA", 
        "profile_text_color": "333333", 
        "followers_count": 10300, 
        "profile_sidebar_border_color": "FFFFFF", 
        "id_str": "179959497", 
        "profile_background_color": "3EB1F0", 
        "listed_count": 209, 
        "profile_background_image_url_https": "https://abs.twimg.com/images/themes/theme8/bg.gif", 
        "utc_offset": null, 
        "statuses_count": 12033, 
        "description": "Click here http://bit.ly/1SSPok4 to get FREE daily investing ideas, CEO expert interviews, & premium research reports. Disclaimer- http://bit.ly/1g4TXPl", 
        "friends_count": 1009, 
        "location": "Toronto, Canada", 
        "profile_link_color": "1860AD", 
        "profile_image_url": "http://pbs.twimg.com/profile_images/684019869377892352/JqphVlFs_normal.png", 
        "following": null, 
        "geo_enabled": true, 
        "profile_banner_url": "https://pbs.twimg.com/profile_banners/179959497/1501700934", 
        "profile_background_image_url": "http://abs.twimg.com/images/themes/theme8/bg.gif", 
        "name": "Smallcappower.com", 
        "lang": "en", 
        "profile_background_tile": false, 
        "favourites_count": 4111, 
        "screen_name": "smallcappower", 
        "notifications": null, 
        "url": "http://www.smallcappower.com/", 
        "created_at": "Wed Aug 18 14:13:41 +0000 2010", 
        "contributors_enabled": false, 
        "time_zone": null, 
        "protected": false, 
        "translator_type": "none", 
        "is_translator": false
      }, 
      "geo": null, 
      "in_reply_to_user_id_str": null, 
      "possibly_sensitive": false, 
      "lang": "en", 
      "matching_rules": [
        {
          "tag": null
        }
      ], 
      "created_at": "Fri Jun 02 14:37:09 +0000 2017", 
      "filter_level": "low", 
      "in_reply_to_status_id_str": null, 
      "place": {
        "country_code": "CA", 
        "url": "https://api.twitter.com/1.1/geo/id/3797791ff9c0e4c6.json", 
        "country": "Canada", 
        "place_type": "city", 
        "bounding_box": {
          "type": "Polygon", 
          "coordinates": [
            [
              [
                -79.639319, 
                43.403221
              ], 
              [
                -79.639319, 
                43.855401
              ], 
              [
                -78.90582, 
                43.855401
              ], 
              [
                -78.90582, 
                43.403221
              ]
            ]
          ]
        }, 
        "full_name": "Toronto, Ontario", 
        "attributes": {}, 
        "id": "3797791ff9c0e4c6", 
        "name": "Toronto"
      }
    }, 
    {
      "quote_count": 0, 
      "contributors": null, 
      "truncated": false, 
      "text": "Ottawa urged to withdraw from UN drug treaties ahead of pot legalization via @CdnPress https://t.co/9qvrC2X77M #cdnpoli", 
      "is_quote_status": false, 
      "in_reply_to_status_id": null, 
      "reply_count": 2, 
      "id": 870611785434488834, 
      "favorite_count": 3, 
      "source": "<a href=\"http://twitter.com/download/iphone\" rel=\"nofollow\">Twitter for iPhone</a>", 
      "retweeted": false, 
      "coordinates": null, 
      "entities": {
        "user_mentions": [
          {
            "id": 43355844, 
            "indices": [
              77, 
              86
            ], 
            "id_str": "43355844", 
            "screen_name": "CdnPress", 
            "name": "The Canadian Press"
          }
        ], 
        "symbols": [], 
        "hashtags": [
          {
            "indices": [
              111, 
              119
            ], 
            "text": "cdnpoli"
          }
        ], 
        "urls": [
          {
            "url": "https://t.co/9qvrC2X77M", 
            "indices": [
              87, 
              110
            ], 
            "expanded_url": "http://www.theglobeandmail.com/news/national/ottawa-urged-to-withdraw-from-un-drug-treaties-ahead-of-pot-legalization/article35185924/?utm_medium=Referrer:+Social+Network+/+Media&utm_campaign=Shared+Web+Article+Links", 
            "display_url": "theglobeandmail.com/news/national/\u2026"
          }
        ]
      }, 
      "in_reply_to_screen_name": null, 
      "id_str": "870611785434488834", 
      "retweet_count": 7, 
      "in_reply_to_user_id": null, 
      "favorited": false, 
      "user": {
        "follow_request_sent": null, 
        "profile_use_background_image": true, 
        "default_profile_image": false, 
        "id": 28115444, 
        "default_profile": false, 
        "verified": true, 
        "profile_image_url_https": "https://pbs.twimg.com/profile_images/1069239790623752194/4B4m_Fkw_normal.jpg", 
        "profile_sidebar_fill_color": "EFEFEF", 
        "profile_text_color": "333333", 
        "followers_count": 11175, 
        "profile_sidebar_border_color": "000000", 
        "id_str": "28115444", 
        "profile_background_color": "131516", 
        "listed_count": 421, 
        "profile_background_image_url_https": "https://abs.twimg.com/images/themes/theme14/bg.gif", 
        "utc_offset": null, 
        "statuses_count": 22801, 
        "description": "National affairs reporter for @Cdnpress covering #cdnpoli, cannabis, Indigenous affairs, health and #MMIW. klk@cp.org.", 
        "friends_count": 7207, 
        "location": "Ottawa", 
        "profile_link_color": "009999", 
        "profile_image_url": "http://pbs.twimg.com/profile_images/1069239790623752194/4B4m_Fkw_normal.jpg", 
        "following": null, 
        "geo_enabled": true, 
        "profile_banner_url": "https://pbs.twimg.com/profile_banners/28115444/1538148386", 
        "profile_background_image_url": "http://abs.twimg.com/images/themes/theme14/bg.gif", 
        "name": "Kristy Kirkup", 
        "lang": "en", 
        "profile_background_tile": true, 
        "favourites_count": 1912, 
        "screen_name": "kkirkup", 
        "notifications": null, 
        "url": "http://www.thecanadianpress.com", 
        "created_at": "Wed Apr 01 14:27:52 +0000 2009", 
        "contributors_enabled": false, 
        "time_zone": null, 
        "protected": false, 
        "translator_type": "none", 
        "is_translator": false
      }, 
      "geo": null, 
      "in_reply_to_user_id_str": null, 
      "possibly_sensitive": false, 
      "lang": "en", 
      "matching_rules": [
        {
          "tag": null
        }
      ], 
      "created_at": "Fri Jun 02 12:03:19 +0000 2017", 
      "filter_level": "low", 
      "in_reply_to_status_id_str": null, 
      "place": {
        "country_code": "CA", 
        "url": "https://api.twitter.com/1.1/geo/id/38d5974e82ed1a6c.json", 
        "country": "Canada", 
        "place_type": "city", 
        "bounding_box": {
          "type": "Polygon", 
          "coordinates": [
            [
              [
                -76.353876, 
                44.961937
              ], 
              [
                -76.353876, 
                45.535645
              ], 
              [
                -75.246407, 
                45.535645
              ], 
              [
                -75.246407, 
                44.961937
              ]
            ]
          ]
        }, 
        "full_name": "Ottawa, Ontario", 
        "attributes": {}, 
        "id": "38d5974e82ed1a6c", 
        "name": "Ottawa"
      }
    }, 
    {
      "quote_count": 0, 
      "contributors": null, 
      "truncated": false, 
      "text": "Patent Maryjuiana Underground Railroad the style new thing with weed legal we patent the kinds", 
      "is_quote_status": false, 
      "in_reply_to_status_id": null, 
      "reply_count": 0, 
      "id": 870433497101606912, 
      "favorite_count": 0, 
      "source": "<a href=\"http://twitter.com/download/iphone\" rel=\"nofollow\">Twitter for iPhone</a>", 
      "retweeted": false, 
      "coordinates": null, 
      "entities": {
        "user_mentions": [], 
        "symbols": [], 
        "hashtags": [], 
        "urls": []
      }, 
      "in_reply_to_screen_name": null, 
      "id_str": "870433497101606912", 
      "retweet_count": 0, 
      "in_reply_to_user_id": null, 
      "favorited": false, 
      "user": {
        "follow_request_sent": null, 
        "profile_use_background_image": true, 
        "default_profile_image": false, 
        "id": 484077631, 
        "default_profile": true, 
        "verified": false, 
        "profile_image_url_https": "https://pbs.twimg.com/profile_images/902986287921156100/Za_WnmmL_normal.jpg", 
        "profile_sidebar_fill_color": "DDEEF6", 
        "profile_text_color": "333333", 
        "followers_count": 154, 
        "profile_sidebar_border_color": "C0DEED", 
        "id_str": "484077631", 
        "profile_background_color": "C0DEED", 
        "listed_count": 1, 
        "profile_background_image_url_https": "https://abs.twimg.com/images/themes/theme1/bg.png", 
        "utc_offset": null, 
        "statuses_count": 36408, 
        "description": null, 
        "friends_count": 572, 
        "location": null, 
        "profile_link_color": "1DA1F2", 
        "profile_image_url": "http://pbs.twimg.com/profile_images/902986287921156100/Za_WnmmL_normal.jpg", 
        "following": null, 
        "geo_enabled": true, 
        "profile_banner_url": "https://pbs.twimg.com/profile_banners/484077631/1496355549", 
        "profile_background_image_url": "http://abs.twimg.com/images/themes/theme1/bg.png", 
        "name": "tony(king of hearts", 
        "lang": "en", 
        "profile_background_tile": false, 
        "favourites_count": 616, 
        "screen_name": "greencube123456", 
        "notifications": null, 
        "url": null, 
        "created_at": "Sun Feb 05 18:17:08 +0000 2012", 
        "contributors_enabled": false, 
        "time_zone": null, 
        "protected": false, 
        "translator_type": "none", 
        "is_translator": false
      }, 
      "geo": null, 
      "in_reply_to_user_id_str": null, 
      "lang": "en", 
      "matching_rules": [
        {
          "tag": null
        }
      ], 
      "created_at": "Fri Jun 02 00:14:52 +0000 2017", 
      "filter_level": "low", 
      "in_reply_to_status_id_str": null, 
      "place": {
        "country_code": "CA", 
        "url": "https://api.twitter.com/1.1/geo/id/7499c84da373cf45.json", 
        "country": "Canada", 
        "place_type": "city", 
        "bounding_box": {
          "type": "Polygon", 
          "coordinates": [
            [
              [
                -63.395145, 
                45.111647
              ], 
              [
                -63.395145, 
                45.160673
              ], 
              [
                -63.312316, 
                45.160673
              ], 
              [
                -63.312316, 
                45.111647
              ]
            ]
          ]
        }, 
        "full_name": "Stewiacke, Nova Scotia", 
        "attributes": {}, 
        "id": "7499c84da373cf45", 
        "name": "Stewiacke"
      }
    }, 
    {
      "quote_count": 0, 
      "contributors": null, 
      "truncated": false, 
      "text": "I didn't realize Muclair thought marijuana and crack was legal, its the only explanation on why he is asking us to forgive Homolka #moron \ud83e\udd2c", 
      "is_quote_status": false, 
      "in_reply_to_status_id": null, 
      "reply_count": 0, 
      "id": 870359213989613569, 
      "favorite_count": 0, 
      "source": "<a href=\"http://twitter.com\" rel=\"nofollow\">Twitter Web Client</a>", 
      "retweeted": false, 
      "coordinates": null, 
      "entities": {
        "user_mentions": [], 
        "symbols": [], 
        "hashtags": [
          {
            "indices": [
              131, 
              137
            ], 
            "text": "moron"
          }
        ], 
        "urls": []
      }, 
      "in_reply_to_screen_name": null, 
      "id_str": "870359213989613569", 
      "retweet_count": 0, 
      "in_reply_to_user_id": null, 
      "favorited": false, 
      "user": {
        "follow_request_sent": null, 
        "profile_use_background_image": false, 
        "default_profile_image": false, 
        "id": 20961032, 
        "default_profile": false, 
        "verified": false, 
        "profile_image_url_https": "https://pbs.twimg.com/profile_images/915591587824128001/LHaDTf6I_normal.jpg", 
        "profile_sidebar_fill_color": "DDEEF6", 
        "profile_text_color": "333333", 
        "followers_count": 1956, 
        "profile_sidebar_border_color": "000000", 
        "id_str": "20961032", 
        "profile_background_color": "C0DEED", 
        "listed_count": 69, 
        "profile_background_image_url_https": "https://abs.twimg.com/images/themes/theme1/bg.png", 
        "utc_offset": null, 
        "statuses_count": 93191, 
        "description": "A Habs Fan Living In Toronto|Seeking My Habs Girl or LFC Girl|Habs-LFC-Jays-Bayern Munchen-Barcelona|TWD-GOT-Blindspot|Montreal-Paris-Berlin-Vegas", 
        "friends_count": 2600, 
        "location": "Toronto, Ontario", 
        "profile_link_color": "0084B4", 
        "profile_image_url": "http://pbs.twimg.com/profile_images/915591587824128001/LHaDTf6I_normal.jpg", 
        "following": null, 
        "geo_enabled": true, 
        "profile_banner_url": "https://pbs.twimg.com/profile_banners/20961032/1511706542", 
        "profile_background_image_url": "http://abs.twimg.com/images/themes/theme1/bg.png", 
        "name": "HabsFanInTO", 
        "lang": "en", 
        "profile_background_tile": false, 
        "favourites_count": 233120, 
        "screen_name": "HabsFanInTO", 
        "notifications": null, 
        "url": null, 
        "created_at": "Mon Feb 16 03:56:12 +0000 2009", 
        "contributors_enabled": false, 
        "time_zone": null, 
        "protected": false, 
        "translator_type": "none", 
        "is_translator": false
      }, 
      "geo": null, 
      "in_reply_to_user_id_str": null, 
      "lang": "en", 
      "matching_rules": [
        {
          "tag": null
        }
      ], 
      "created_at": "Thu Jun 01 19:19:41 +0000 2017", 
      "filter_level": "low", 
      "in_reply_to_status_id_str": null, 
      "place": {
        "country_code": "CA", 
        "url": "https://api.twitter.com/1.1/geo/id/3797791ff9c0e4c6.json", 
        "country": "Canada", 
        "place_type": "city", 
        "bounding_box": {
          "type": "Polygon", 
          "coordinates": [
            [
              [
                -79.639319, 
                43.403221
              ], 
              [
                -79.639319, 
                43.855401
              ], 
              [
                -78.90582, 
                43.855401
              ], 
              [
                -78.90582, 
                43.403221
              ]
            ]
          ]
        }, 
        "full_name": "Toronto, Ontario", 
        "attributes": {}, 
        "id": "3797791ff9c0e4c6", 
        "name": "Toronto"
      }
    }, 
    {
      "quote_count": 0, 
      "contributors": null, 
      "truncated": false, 
      "text": "Oh lady three months before we legalize pot and you still obey cops and call them over a joint too five grams French door closer exam", 
      "is_quote_status": false, 
      "in_reply_to_status_id": null, 
      "reply_count": 0, 
      "id": 870342235832942593, 
      "favorite_count": 0, 
      "source": "<a href=\"http://twitter.com/download/iphone\" rel=\"nofollow\">Twitter for iPhone</a>", 
      "retweeted": false, 
      "coordinates": null, 
      "entities": {
        "user_mentions": [], 
        "symbols": [], 
        "hashtags": [], 
        "urls": []
      }, 
      "in_reply_to_screen_name": null, 
      "id_str": "870342235832942593", 
      "retweet_count": 1, 
      "in_reply_to_user_id": null, 
      "favorited": false, 
      "user": {
        "follow_request_sent": null, 
        "profile_use_background_image": true, 
        "default_profile_image": false, 
        "id": 484077631, 
        "default_profile": true, 
        "verified": false, 
        "profile_image_url_https": "https://pbs.twimg.com/profile_images/902986287921156100/Za_WnmmL_normal.jpg", 
        "profile_sidebar_fill_color": "DDEEF6", 
        "profile_text_color": "333333", 
        "followers_count": 154, 
        "profile_sidebar_border_color": "C0DEED", 
        "id_str": "484077631", 
        "profile_background_color": "C0DEED", 
        "listed_count": 1, 
        "profile_background_image_url_https": "https://abs.twimg.com/images/themes/theme1/bg.png", 
        "utc_offset": null, 
        "statuses_count": 36408, 
        "description": null, 
        "friends_count": 572, 
        "location": null, 
        "profile_link_color": "1DA1F2", 
        "profile_image_url": "http://pbs.twimg.com/profile_images/902986287921156100/Za_WnmmL_normal.jpg", 
        "following": null, 
        "geo_enabled": true, 
        "profile_banner_url": "https://pbs.twimg.com/profile_banners/484077631/1496355549", 
        "profile_background_image_url": "http://abs.twimg.com/images/themes/theme1/bg.png", 
        "name": "tony(king of hearts", 
        "lang": "en", 
        "profile_background_tile": false, 
        "favourites_count": 616, 
        "screen_name": "greencube123456", 
        "notifications": null, 
        "url": null, 
        "created_at": "Sun Feb 05 18:17:08 +0000 2012", 
        "contributors_enabled": false, 
        "time_zone": null, 
        "protected": false, 
        "translator_type": "none", 
        "is_translator": false
      }, 
      "geo": null, 
      "in_reply_to_user_id_str": null, 
      "lang": "en", 
      "matching_rules": [
        {
          "tag": null
        }
      ], 
      "created_at": "Thu Jun 01 18:12:13 +0000 2017", 
      "filter_level": "low", 
      "in_reply_to_status_id_str": null, 
      "place": {
        "country_code": "CA", 
        "url": "https://api.twitter.com/1.1/geo/id/7499c84da373cf45.json", 
        "country": "Canada", 
        "place_type": "city", 
        "bounding_box": {
          "type": "Polygon", 
          "coordinates": [
            [
              [
                -63.395145, 
                45.111647
              ], 
              [
                -63.395145, 
                45.160673
              ], 
              [
                -63.312316, 
                45.160673
              ], 
              [
                -63.312316, 
                45.111647
              ]
            ]
          ]
        }, 
        "full_name": "Stewiacke, Nova Scotia", 
        "attributes": {}, 
        "id": "7499c84da373cf45", 
        "name": "Stewiacke"
      }
    }, 
    {
      "quote_count": 0, 
      "contributors": null, 
      "truncated": false, 
      "text": "When weed is legal you get too try white goddess and these kinds dinosaur flavours takes a long time too go back from 1st am i maryjuiana", 
      "is_quote_status": false, 
      "in_reply_to_status_id": null, 
      "reply_count": 0, 
      "id": 870337078508302336, 
      "favorite_count": 0, 
      "source": "<a href=\"http://twitter.com/download/iphone\" rel=\"nofollow\">Twitter for iPhone</a>", 
      "retweeted": false, 
      "coordinates": null, 
      "entities": {
        "user_mentions": [], 
        "symbols": [], 
        "hashtags": [], 
        "urls": []
      }, 
      "in_reply_to_screen_name": null, 
      "id_str": "870337078508302336", 
      "retweet_count": 0, 
      "in_reply_to_user_id": null, 
      "favorited": false, 
      "user": {
        "follow_request_sent": null, 
        "profile_use_background_image": true, 
        "default_profile_image": false, 
        "id": 484077631, 
        "default_profile": true, 
        "verified": false, 
        "profile_image_url_https": "https://pbs.twimg.com/profile_images/902986287921156100/Za_WnmmL_normal.jpg", 
        "profile_sidebar_fill_color": "DDEEF6", 
        "profile_text_color": "333333", 
        "followers_count": 154, 
        "profile_sidebar_border_color": "C0DEED", 
        "id_str": "484077631", 
        "profile_background_color": "C0DEED", 
        "listed_count": 1, 
        "profile_background_image_url_https": "https://abs.twimg.com/images/themes/theme1/bg.png", 
        "utc_offset": null, 
        "statuses_count": 36408, 
        "description": null, 
        "friends_count": 572, 
        "location": null, 
        "profile_link_color": "1DA1F2", 
        "profile_image_url": "http://pbs.twimg.com/profile_images/902986287921156100/Za_WnmmL_normal.jpg", 
        "following": null, 
        "geo_enabled": true, 
        "profile_banner_url": "https://pbs.twimg.com/profile_banners/484077631/1496355549", 
        "profile_background_image_url": "http://abs.twimg.com/images/themes/theme1/bg.png", 
        "name": "tony(king of hearts", 
        "lang": "en", 
        "profile_background_tile": false, 
        "favourites_count": 616, 
        "screen_name": "greencube123456", 
        "notifications": null, 
        "url": null, 
        "created_at": "Sun Feb 05 18:17:08 +0000 2012", 
        "contributors_enabled": false, 
        "time_zone": null, 
        "protected": false, 
        "translator_type": "none", 
        "is_translator": false
      }, 
      "geo": null, 
      "in_reply_to_user_id_str": null, 
      "lang": "en", 
      "matching_rules": [
        {
          "tag": null
        }
      ], 
      "created_at": "Thu Jun 01 17:51:44 +0000 2017", 
      "filter_level": "low", 
      "in_reply_to_status_id_str": null, 
      "place": {
        "country_code": "CA", 
        "url": "https://api.twitter.com/1.1/geo/id/7499c84da373cf45.json", 
        "country": "Canada", 
        "place_type": "city", 
        "bounding_box": {
          "type": "Polygon", 
          "coordinates": [
            [
              [
                -63.395145, 
                45.111647
              ], 
              [
                -63.395145, 
                45.160673
              ], 
              [
                -63.312316, 
                45.160673
              ], 
              [
                -63.312316, 
                45.111647
              ]
            ]
          ]
        }, 
        "full_name": "Stewiacke, Nova Scotia", 
        "attributes": {}, 
        "id": "7499c84da373cf45", 
        "name": "Stewiacke"
      }
    }, 
    {
      "quote_count": 0, 
      "quoted_status_permalink": {
        "url": "https://t.co/ZWIpwLqsqG", 
        "expanded": "https://twitter.com/canadanurses/status/870290937481764864", 
        "display": "twitter.com/canadanurses/s\u2026"
      }, 
      "contributors": null, 
      "truncated": true, 
      "text": "@FCM_online #FCM2017 is also working on municipal issues related to the introduction of the legalization of marijua\u2026 https://t.co/B74r2xRUhm", 
      "is_quote_status": true, 
      "in_reply_to_status_id": null, 
      "reply_count": 0, 
      "id": 870293928439947264, 
      "favorite_count": 0, 
      "entities": {
        "user_mentions": [
          {
            "id": 143514132, 
            "indices": [
              0, 
              11
            ], 
            "id_str": "143514132", 
            "screen_name": "FCM_online", 
            "name": "FCM"
          }
        ], 
        "symbols": [], 
        "hashtags": [
          {
            "indices": [
              12, 
              20
            ], 
            "text": "FCM2017"
          }
        ], 
        "urls": [
          {
            "url": "https://t.co/B74r2xRUhm", 
            "indices": [
              117, 
              140
            ], 
            "expanded_url": "https://twitter.com/i/web/status/870293928439947264", 
            "display_url": "twitter.com/i/web/status/8\u2026"
          }
        ]
      }, 
      "quoted_status_id": 870290937481764864, 
      "retweeted": false, 
      "coordinates": null, 
      "quoted_status": {
        "quote_count": 0, 
        "contributors": null, 
        "truncated": false, 
        "text": "MP @beynate speaks of #publichealth approach to #cannabis, noting support from CNA &amp; @CAMHnews https://t.co/gheqHCN3sB #cdnpoli #CDNhealth", 
        "is_quote_status": false, 
        "in_reply_to_status_id": null, 
        "reply_count": 0, 
        "id": 870290937481764864, 
        "favorite_count": 5, 
        "source": "<a href=\"http://twitter.com\" rel=\"nofollow\">Twitter Web Client</a>", 
        "retweeted": false, 
        "coordinates": null, 
        "entities": {
          "user_mentions": [
            {
              "id": 1942247293, 
              "indices": [
                3, 
                11
              ], 
              "id_str": "1942247293", 
              "screen_name": "beynate", 
              "name": "Nate Erskine-Smith"
            }, 
            {
              "id": 36695839, 
              "indices": [
                89, 
                98
              ], 
              "id_str": "36695839", 
              "screen_name": "CAMHnews", 
              "name": "CAMH"
            }
          ], 
          "symbols": [], 
          "hashtags": [
            {
              "indices": [
                22, 
                35
              ], 
              "text": "publichealth"
            }, 
            {
              "indices": [
                48, 
                57
              ], 
              "text": "cannabis"
            }, 
            {
              "indices": [
                123, 
                131
              ], 
              "text": "cdnpoli"
            }, 
            {
              "indices": [
                132, 
                142
              ], 
              "text": "CDNhealth"
            }
          ], 
          "urls": [
            {
              "url": "https://t.co/gheqHCN3sB", 
              "indices": [
                99, 
                122
              ], 
              "expanded_url": "https://www.youtube.com/watch?v=YC_uglkg6Ws", 
              "display_url": "youtube.com/watch?v=YC_ugl\u2026"
            }
          ]
        }, 
        "in_reply_to_screen_name": null, 
        "id_str": "870290937481764864", 
        "retweet_count": 3, 
        "in_reply_to_user_id": null, 
        "favorited": false, 
        "user": {
          "follow_request_sent": null, 
          "profile_use_background_image": false, 
          "default_profile_image": false, 
          "id": 257058263, 
          "default_profile": false, 
          "verified": true, 
          "profile_image_url_https": "https://pbs.twimg.com/profile_images/985940103590588417/GjYL9AKv_normal.jpg", 
          "profile_sidebar_fill_color": "E2EFF5", 
          "profile_text_color": "000000", 
          "followers_count": 30188, 
          "profile_sidebar_border_color": "000000", 
          "id_str": "257058263", 
          "profile_background_color": "012A5D", 
          "listed_count": 560, 
          "profile_background_image_url_https": "https://abs.twimg.com/images/themes/theme1/bg.png", 
          "utc_offset": null, 
          "statuses_count": 37260, 
          "description": "The national professional voice of registered nurses in Canada. La voix professionnelle nationale des infirmi\u00e8res et des infirmiers autoris\u00e9s du Canada.", 
          "friends_count": 21041, 
          "location": "Canada", 
          "profile_link_color": "000080", 
          "profile_image_url": "http://pbs.twimg.com/profile_images/985940103590588417/GjYL9AKv_normal.jpg", 
          "following": null, 
          "geo_enabled": true, 
          "profile_banner_url": "https://pbs.twimg.com/profile_banners/257058263/1538768692", 
          "profile_background_image_url": "http://abs.twimg.com/images/themes/theme1/bg.png", 
          "name": "Canadian Nurses Assn", 
          "lang": "en", 
          "profile_background_tile": false, 
          "favourites_count": 11509, 
          "screen_name": "canadanurses", 
          "notifications": null, 
          "url": "http://www.cna-aiic.ca", 
          "created_at": "Thu Feb 24 16:51:25 +0000 2011", 
          "contributors_enabled": false, 
          "time_zone": null, 
          "protected": false, 
          "translator_type": "none", 
          "is_translator": false
        }, 
        "geo": null, 
        "in_reply_to_user_id_str": null, 
        "possibly_sensitive": false, 
        "lang": "en", 
        "created_at": "Thu Jun 01 14:48:23 +0000 2017", 
        "filter_level": "low", 
        "in_reply_to_status_id_str": null, 
        "place": null
      }, 
      "source": "<a href=\"http://twitter.com/#!/download/ipad\" rel=\"nofollow\">Twitter for iPad</a>", 
      "in_reply_to_screen_name": "FCM_online", 
      "id_str": "870293928439947264", 
      "display_text_range": [
        0, 
        140
      ], 
      "retweet_count": 1, 
      "in_reply_to_user_id": 143514132, 
      "favorited": false, 
      "matching_rules": [
        {
          "tag": null
        }
      ], 
      "user": {
        "follow_request_sent": null, 
        "profile_use_background_image": true, 
        "default_profile_image": false, 
        "id": 74748414, 
        "default_profile": false, 
        "verified": false, 
        "profile_image_url_https": "https://pbs.twimg.com/profile_images/927893419699179520/7QxGgkyw_normal.jpg", 
        "profile_sidebar_fill_color": "95E8EC", 
        "profile_text_color": "3C3940", 
        "followers_count": 1119, 
        "profile_sidebar_border_color": "5ED4DC", 
        "id_str": "74748414", 
        "profile_background_color": "0099B9", 
        "listed_count": 31, 
        "profile_background_image_url_https": "https://abs.twimg.com/images/themes/theme1/bg.png", 
        "utc_offset": null, 
        "statuses_count": 16576, 
        "description": "Wife, mother, sister, daughter, aunt, volunteer & advocate, RN, former Nurse Practitioner, Former Mayor - Labrador City, Past President MNL, engaged resident.", 
        "friends_count": 743, 
        "location": "Labrador City, NL", 
        "profile_link_color": "0099B9", 
        "profile_image_url": "http://pbs.twimg.com/profile_images/927893419699179520/7QxGgkyw_normal.jpg", 
        "following": null, 
        "geo_enabled": true, 
        "profile_banner_url": "https://pbs.twimg.com/profile_banners/74748414/1447081688", 
        "profile_background_image_url": "http://abs.twimg.com/images/themes/theme1/bg.png", 
        "name": "Karen Oldford", 
        "lang": "en", 
        "profile_background_tile": false, 
        "favourites_count": 9397, 
        "screen_name": "OldfordKaren", 
        "notifications": null, 
        "url": null, 
        "created_at": "Wed Sep 16 14:51:11 +0000 2009", 
        "contributors_enabled": false, 
        "time_zone": null, 
        "protected": false, 
        "translator_type": "none", 
        "is_translator": false
      }, 
      "geo": null, 
      "in_reply_to_user_id_str": "143514132", 
      "possibly_sensitive": false, 
      "lang": "en", 
      "extended_tweet": {
        "display_text_range": [
          0, 
          133
        ], 
        "entities": {
          "user_mentions": [
            {
              "id": 143514132, 
              "indices": [
                0, 
                11
              ], 
              "id_str": "143514132", 
              "screen_name": "FCM_online", 
              "name": "FCM"
            }
          ], 
          "symbols": [], 
          "hashtags": [
            {
              "indices": [
                12, 
                20
              ], 
              "text": "FCM2017"
            }
          ], 
          "urls": [
            {
              "url": "https://t.co/ZWIpwLqsqG", 
              "indices": [
                134, 
                157
              ], 
              "expanded_url": "https://twitter.com/canadanurses/status/870290937481764864", 
              "display_url": "twitter.com/canadanurses/s\u2026"
            }
          ]
        }, 
        "full_text": "@FCM_online #FCM2017 is also working on municipal issues related to the introduction of the legalization of marijuana in our Country. https://t.co/ZWIpwLqsqG"
      }, 
      "created_at": "Thu Jun 01 15:00:16 +0000 2017", 
      "quoted_status_id_str": "870290937481764864", 
      "filter_level": "low", 
      "in_reply_to_status_id_str": null, 
      "place": {
        "country_code": "CA", 
        "url": "https://api.twitter.com/1.1/geo/id/38d5974e82ed1a6c.json", 
        "country": "Canada", 
        "place_type": "city", 
        "bounding_box": {
          "type": "Polygon", 
          "coordinates": [
            [
              [
                -76.353876, 
                44.961937
              ], 
              [
                -76.353876, 
                45.535645
              ], 
              [
                -75.246407, 
                45.535645
              ], 
              [
                -75.246407, 
                44.961937
              ]
            ]
          ]
        }, 
        "full_name": "Ottawa, Ontario", 
        "attributes": {}, 
        "id": "38d5974e82ed1a6c", 
        "name": "Ottawa"
      }
    }, 
    {
      "quote_count": 0, 
      "contributors": null, 
      "truncated": false, 
      "text": "Too Early To Know, Too Late To Care! #JumpstartMonth #goals #legal #Marijuana https://t.co/HzDLljMcL0", 
      "is_quote_status": false, 
      "in_reply_to_status_id": null, 
      "reply_count": 0, 
      "id": 870287115732619264, 
      "favorite_count": 1, 
      "entities": {
        "user_mentions": [], 
        "symbols": [], 
        "hashtags": [
          {
            "indices": [
              37, 
              52
            ], 
            "text": "JumpstartMonth"
          }, 
          {
            "indices": [
              53, 
              59
            ], 
            "text": "goals"
          }, 
          {
            "indices": [
              60, 
              66
            ], 
            "text": "legal"
          }, 
          {
            "indices": [
              67, 
              77
            ], 
            "text": "Marijuana"
          }
        ], 
        "urls": [], 
        "media": [
          {
            "expanded_url": "https://twitter.com/DadOfDank/status/870287115732619264/photo/1", 
            "display_url": "pic.twitter.com/HzDLljMcL0", 
            "url": "https://t.co/HzDLljMcL0", 
            "media_url_https": "https://pbs.twimg.com/media/DBPhemZWsAEatYU.jpg", 
            "id_str": "870287068831854593", 
            "sizes": {
              "small": {
                "h": 507, 
                "resize": "fit", 
                "w": 680
              }, 
              "large": {
                "h": 1528, 
                "resize": "fit", 
                "w": 2048
              }, 
              "medium": {
                "h": 895, 
                "resize": "fit", 
                "w": 1200
              }, 
              "thumb": {
                "h": 150, 
                "resize": "crop", 
                "w": 150
              }
            }, 
            "indices": [
              78, 
              101
            ], 
            "type": "photo", 
            "id": 870287068831854593, 
            "media_url": "http://pbs.twimg.com/media/DBPhemZWsAEatYU.jpg"
          }
        ]
      }, 
      "retweeted": false, 
      "coordinates": null, 
      "source": "<a href=\"http://twitter.com/download/iphone\" rel=\"nofollow\">Twitter for iPhone</a>", 
      "in_reply_to_screen_name": null, 
      "id_str": "870287115732619264", 
      "display_text_range": [
        0, 
        77
      ], 
      "retweet_count": 0, 
      "in_reply_to_user_id": null, 
      "favorited": false, 
      "user": {
        "follow_request_sent": null, 
        "profile_use_background_image": true, 
        "default_profile_image": false, 
        "id": 351944259, 
        "default_profile": false, 
        "verified": false, 
        "profile_image_url_https": "https://pbs.twimg.com/profile_images/877623083246505985/OimEt0en_normal.jpg", 
        "profile_sidebar_fill_color": "C0DFEC", 
        "profile_text_color": "333333", 
        "followers_count": 322, 
        "profile_sidebar_border_color": "FFFFFF", 
        "id_str": "351944259", 
        "profile_background_color": "FFFFFF", 
        "listed_count": 0, 
        "profile_background_image_url_https": "https://abs.twimg.com/images/themes/theme15/bg.png", 
        "utc_offset": null, 
        "statuses_count": 661, 
        "description": "The Walking Talking Stephen Hawking", 
        "friends_count": 740, 
        "location": "Ontario, Canada", 
        "profile_link_color": "DB8A09", 
        "profile_image_url": "http://pbs.twimg.com/profile_images/877623083246505985/OimEt0en_normal.jpg", 
        "following": null, 
        "geo_enabled": true, 
        "profile_banner_url": "https://pbs.twimg.com/profile_banners/351944259/1498076715", 
        "profile_background_image_url": "http://abs.twimg.com/images/themes/theme15/bg.png", 
        "name": "Tristan M Nichol", 
        "lang": "en", 
        "profile_background_tile": false, 
        "favourites_count": 86, 
        "screen_name": "TristanSeventh", 
        "notifications": null, 
        "url": "http://www.facebook.com/tristannichol", 
        "created_at": "Tue Aug 09 23:04:18 +0000 2011", 
        "contributors_enabled": false, 
        "time_zone": null, 
        "protected": false, 
        "translator_type": "none", 
        "is_translator": false
      }, 
      "geo": null, 
      "in_reply_to_user_id_str": null, 
      "possibly_sensitive": false, 
      "lang": "en", 
      "matching_rules": [
        {
          "tag": null
        }
      ], 
      "created_at": "Thu Jun 01 14:33:12 +0000 2017", 
      "filter_level": "low", 
      "in_reply_to_status_id_str": null, 
      "place": {
        "country_code": "CA", 
        "url": "https://api.twitter.com/1.1/geo/id/3376992a082d67c7.json", 
        "country": "Canada", 
        "place_type": "country", 
        "bounding_box": {
          "type": "Polygon", 
          "coordinates": [
            [
              [
                -141.561094, 
                41.676329
              ], 
              [
                -141.561094, 
                89.9999
              ], 
              [
                -51.053519, 
                89.9999
              ], 
              [
                -51.053519, 
                41.676329
              ]
            ]
          ]
        }, 
        "full_name": "Canada", 
        "attributes": {}, 
        "id": "3376992a082d67c7", 
        "name": "Canada"
      }, 
      "extended_entities": {
        "media": [
          {
            "expanded_url": "https://twitter.com/DadOfDank/status/870287115732619264/photo/1", 
            "display_url": "pic.twitter.com/HzDLljMcL0", 
            "url": "https://t.co/HzDLljMcL0", 
            "media_url_https": "https://pbs.twimg.com/media/DBPhemZWsAEatYU.jpg", 
            "id_str": "870287068831854593", 
            "sizes": {
              "small": {
                "h": 507, 
                "resize": "fit", 
                "w": 680
              }, 
              "large": {
                "h": 1528, 
                "resize": "fit", 
                "w": 2048
              }, 
              "medium": {
                "h": 895, 
                "resize": "fit", 
                "w": 1200
              }, 
              "thumb": {
                "h": 150, 
                "resize": "crop", 
                "w": 150
              }
            }, 
            "indices": [
              78, 
              101
            ], 
            "type": "photo", 
            "id": 870287068831854593, 
            "media_url": "http://pbs.twimg.com/media/DBPhemZWsAEatYU.jpg"
          }
        ]
      }
    }, 
    {
      "quote_count": 0, 
      "contributors": null, 
      "truncated": false, 
      "text": "MWNOAM \u2014  Why legal marijuana will hurt kids https://t.co/X7kuBCJ42G", 
      "is_quote_status": false, 
      "in_reply_to_status_id": null, 
      "reply_count": 0, 
      "id": 870266224441032704, 
      "favorite_count": 0, 
      "source": "<a href=\"https://dlvrit.com/\" rel=\"nofollow\">dlvr.it</a>", 
      "retweeted": false, 
      "coordinates": {
        "type": "Point", 
        "coordinates": [
          -123.07050781, 
          49.1978055
        ]
      }, 
      "entities": {
        "user_mentions": [], 
        "symbols": [], 
        "hashtags": [], 
        "urls": [
          {
            "url": "https://t.co/X7kuBCJ42G", 
            "indices": [
              45, 
              68
            ], 
            "expanded_url": "http://dlvr.it/PHtFG8", 
            "display_url": "dlvr.it/PHtFG8"
          }
        ]
      }, 
      "in_reply_to_screen_name": null, 
      "id_str": "870266224441032704", 
      "retweet_count": 0, 
      "in_reply_to_user_id": null, 
      "favorited": false, 
      "user": {
        "follow_request_sent": null, 
        "profile_use_background_image": true, 
        "default_profile_image": false, 
        "id": 191092262, 
        "default_profile": false, 
        "verified": false, 
        "profile_image_url_https": "https://pbs.twimg.com/profile_images/378800000775115467/b7b09d86517b4ff055a56a15de2b2e4c_normal.png", 
        "profile_sidebar_fill_color": "F0EBF0", 
        "profile_text_color": "333333", 
        "followers_count": 1532, 
        "profile_sidebar_border_color": "FFFFFF", 
        "id_str": "191092262", 
        "profile_background_color": "FFFFFF", 
        "listed_count": 126, 
        "profile_background_image_url_https": "https://abs.twimg.com/images/themes/theme1/bg.png", 
        "utc_offset": null, 
        "statuses_count": 631607, 
        "description": "Ireland \u2014 Scotland \u2014 Inuit \u2014  Svenska \u2014 \u0420\u0443\u0441\u0441\u043a\u0438\u0439 \u2014 Keeping up-to-date on global social exclusion \u2014 Stigmabase is a Canadian Nonprofit Initiative | F in 2010", 
        "friends_count": 1415, 
        "location": "Ireland | Scotland | Inuit | \u0420\u043e\u0441\u0441\u0438\u044f | Skandinavien", 
        "profile_link_color": "0084B4", 
        "profile_image_url": "http://pbs.twimg.com/profile_images/378800000775115467/b7b09d86517b4ff055a56a15de2b2e4c_normal.png", 
        "following": null, 
        "geo_enabled": true, 
        "profile_banner_url": "https://pbs.twimg.com/profile_banners/191092262/1385143520", 
        "profile_background_image_url": "http://abs.twimg.com/images/themes/theme1/bg.png", 
        "name": "Stigmabase | NORDIC", 
        "lang": "fr", 
        "profile_background_tile": false, 
        "favourites_count": 0, 
        "screen_name": "pairsonnalitesN", 
        "notifications": null, 
        "url": "http://dk.stigmabase.org", 
        "created_at": "Wed Sep 15 15:55:47 +0000 2010", 
        "contributors_enabled": false, 
        "time_zone": null, 
        "protected": false, 
        "translator_type": "none", 
        "is_translator": false
      }, 
      "geo": {
        "type": "Point", 
        "coordinates": [
          49.1978055, 
          -123.07050781
        ]
      }, 
      "in_reply_to_user_id_str": null, 
      "possibly_sensitive": false, 
      "lang": "en", 
      "matching_rules": [
        {
          "tag": null
        }
      ], 
      "created_at": "Thu Jun 01 13:10:11 +0000 2017", 
      "filter_level": "low", 
      "in_reply_to_status_id_str": null, 
      "place": {
        "country_code": "CA", 
        "url": "https://api.twitter.com/1.1/geo/id/3100dc510186d8b6.json", 
        "country": "Canada", 
        "place_type": "city", 
        "bounding_box": {
          "type": "Polygon", 
          "coordinates": [
            [
              [
                -123.304549, 
                49.08609
              ], 
              [
                -123.304549, 
                49.262393
              ], 
              [
                -122.957124, 
                49.262393
              ], 
              [
                -122.957124, 
                49.08609
              ]
            ]
          ]
        }, 
        "full_name": "Richmond, British Columbia", 
        "attributes": {}, 
        "id": "3100dc510186d8b6", 
        "name": "Richmond"
      }
    }, 
    {
      "quote_count": 0, 
      "contributors": null, 
      "truncated": false, 
      "text": "MWNOAM \u2014  Why legal marijuana will hurt kids - The Centre for Addiction and Mental Health (CMAH) in Toronto says,\u2026 https://t.co/dJJrk6yezq", 
      "is_quote_status": false, 
      "in_reply_to_status_id": null, 
      "reply_count": 0, 
      "id": 870266207374422017, 
      "favorite_count": 0, 
      "source": "<a href=\"https://dlvrit.com/\" rel=\"nofollow\">dlvr.it</a>", 
      "retweeted": false, 
      "coordinates": {
        "type": "Point", 
        "coordinates": [
          -123.07050781, 
          49.1978055
        ]
      }, 
      "entities": {
        "user_mentions": [], 
        "symbols": [], 
        "hashtags": [], 
        "urls": [
          {
            "url": "https://t.co/dJJrk6yezq", 
            "indices": [
              115, 
              138
            ], 
            "expanded_url": "http://dlvr.it/PHtF2L", 
            "display_url": "dlvr.it/PHtF2L"
          }
        ]
      }, 
      "in_reply_to_screen_name": null, 
      "id_str": "870266207374422017", 
      "retweet_count": 0, 
      "in_reply_to_user_id": null, 
      "favorited": false, 
      "user": {
        "follow_request_sent": null, 
        "profile_use_background_image": true, 
        "default_profile_image": false, 
        "id": 138418838, 
        "default_profile": false, 
        "verified": false, 
        "profile_image_url_https": "https://pbs.twimg.com/profile_images/378800000775244567/ba8aacb749d186534e40be8e2b73dafc_normal.png", 
        "profile_sidebar_fill_color": "DDEEF6", 
        "profile_text_color": "333333", 
        "followers_count": 4370, 
        "profile_sidebar_border_color": "FFFFFF", 
        "id_str": "138418838", 
        "profile_background_color": "FFFFFF", 
        "listed_count": 288, 
        "profile_background_image_url_https": "https://abs.twimg.com/images/themes/theme20/bg.png", 
        "utc_offset": null, 
        "statuses_count": 1451392, 
        "description": "Americas \u2014 United Kingdom  | Keeping up-to-date on global social exclusion \u2014 Stigmabase is a Canadian Nonprofit Initiative | F in 2010", 
        "friends_count": 4167, 
        "location": "America | United Kindom", 
        "profile_link_color": "0084B4", 
        "profile_image_url": "http://pbs.twimg.com/profile_images/378800000775244567/ba8aacb749d186534e40be8e2b73dafc_normal.png", 
        "following": null, 
        "geo_enabled": true, 
        "profile_banner_url": "https://pbs.twimg.com/profile_banners/138418838/1385144474", 
        "profile_background_image_url": "http://abs.twimg.com/images/themes/theme20/bg.png", 
        "name": "Stigmabase | ORG", 
        "lang": "en", 
        "profile_background_tile": false, 
        "favourites_count": 0, 
        "screen_name": "Pairsonnalites", 
        "notifications": null, 
        "url": "http://uk.stigmabase.org", 
        "created_at": "Thu Apr 29 13:56:48 +0000 2010", 
        "contributors_enabled": false, 
        "time_zone": null, 
        "protected": false, 
        "translator_type": "none", 
        "is_translator": false
      }, 
      "geo": {
        "type": "Point", 
        "coordinates": [
          49.1978055, 
          -123.07050781
        ]
      }, 
      "in_reply_to_user_id_str": null, 
      "possibly_sensitive": false, 
      "lang": "en", 
      "matching_rules": [
        {
          "tag": null
        }
      ], 
      "created_at": "Thu Jun 01 13:10:07 +0000 2017", 
      "filter_level": "low", 
      "in_reply_to_status_id_str": null, 
      "place": {
        "country_code": "CA", 
        "url": "https://api.twitter.com/1.1/geo/id/3100dc510186d8b6.json", 
        "country": "Canada", 
        "place_type": "city", 
        "bounding_box": {
          "type": "Polygon", 
          "coordinates": [
            [
              [
                -123.304549, 
                49.08609
              ], 
              [
                -123.304549, 
                49.262393
              ], 
              [
                -122.957124, 
                49.262393
              ], 
              [
                -122.957124, 
                49.08609
              ]
            ]
          ]
        }, 
        "full_name": "Richmond, British Columbia", 
        "attributes": {}, 
        "id": "3100dc510186d8b6", 
        "name": "Richmond"
      }
    }, 
    {
      "quote_count": 0, 
      "contributors": null, 
      "truncated": false, 
      "text": "MWNOAM \u2014  Why legal marijuana will hurt kids https://t.co/YtgBbkx46Q", 
      "is_quote_status": false, 
      "in_reply_to_status_id": null, 
      "reply_count": 0, 
      "id": 870084751847116800, 
      "favorite_count": 0, 
      "source": "<a href=\"https://dlvrit.com/\" rel=\"nofollow\">dlvr.it</a>", 
      "retweeted": false, 
      "coordinates": {
        "type": "Point", 
        "coordinates": [
          -123.07050781, 
          49.1978055
        ]
      }, 
      "entities": {
        "user_mentions": [], 
        "symbols": [], 
        "hashtags": [], 
        "urls": [
          {
            "url": "https://t.co/YtgBbkx46Q", 
            "indices": [
              45, 
              68
            ], 
            "expanded_url": "http://dlvr.it/PHfmln", 
            "display_url": "dlvr.it/PHfmln"
          }
        ]
      }, 
      "in_reply_to_screen_name": null, 
      "id_str": "870084751847116800", 
      "retweet_count": 0, 
      "in_reply_to_user_id": null, 
      "favorited": false, 
      "user": {
        "follow_request_sent": null, 
        "profile_use_background_image": true, 
        "default_profile_image": false, 
        "id": 191092262, 
        "default_profile": false, 
        "verified": false, 
        "profile_image_url_https": "https://pbs.twimg.com/profile_images/378800000775115467/b7b09d86517b4ff055a56a15de2b2e4c_normal.png", 
        "profile_sidebar_fill_color": "F0EBF0", 
        "profile_text_color": "333333", 
        "followers_count": 1532, 
        "profile_sidebar_border_color": "FFFFFF", 
        "id_str": "191092262", 
        "profile_background_color": "FFFFFF", 
        "listed_count": 126, 
        "profile_background_image_url_https": "https://abs.twimg.com/images/themes/theme1/bg.png", 
        "utc_offset": null, 
        "statuses_count": 631607, 
        "description": "Ireland \u2014 Scotland \u2014 Inuit \u2014  Svenska \u2014 \u0420\u0443\u0441\u0441\u043a\u0438\u0439 \u2014 Keeping up-to-date on global social exclusion \u2014 Stigmabase is a Canadian Nonprofit Initiative | F in 2010", 
        "friends_count": 1415, 
        "location": "Ireland | Scotland | Inuit | \u0420\u043e\u0441\u0441\u0438\u044f | Skandinavien", 
        "profile_link_color": "0084B4", 
        "profile_image_url": "http://pbs.twimg.com/profile_images/378800000775115467/b7b09d86517b4ff055a56a15de2b2e4c_normal.png", 
        "following": null, 
        "geo_enabled": true, 
        "profile_banner_url": "https://pbs.twimg.com/profile_banners/191092262/1385143520", 
        "profile_background_image_url": "http://abs.twimg.com/images/themes/theme1/bg.png", 
        "name": "Stigmabase | NORDIC", 
        "lang": "fr", 
        "profile_background_tile": false, 
        "favourites_count": 0, 
        "screen_name": "pairsonnalitesN", 
        "notifications": null, 
        "url": "http://dk.stigmabase.org", 
        "created_at": "Wed Sep 15 15:55:47 +0000 2010", 
        "contributors_enabled": false, 
        "time_zone": null, 
        "protected": false, 
        "translator_type": "none", 
        "is_translator": false
      }, 
      "geo": {
        "type": "Point", 
        "coordinates": [
          49.1978055, 
          -123.07050781
        ]
      }, 
      "in_reply_to_user_id_str": null, 
      "possibly_sensitive": false, 
      "lang": "en", 
      "matching_rules": [
        {
          "tag": null
        }
      ], 
      "created_at": "Thu Jun 01 01:09:04 +0000 2017", 
      "filter_level": "low", 
      "in_reply_to_status_id_str": null, 
      "place": {
        "country_code": "CA", 
        "url": "https://api.twitter.com/1.1/geo/id/3100dc510186d8b6.json", 
        "country": "Canada", 
        "place_type": "city", 
        "bounding_box": {
          "type": "Polygon", 
          "coordinates": [
            [
              [
                -123.304549, 
                49.08609
              ], 
              [
                -123.304549, 
                49.262393
              ], 
              [
                -122.957124, 
                49.262393
              ], 
              [
                -122.957124, 
                49.08609
              ]
            ]
          ]
        }, 
        "full_name": "Richmond, British Columbia", 
        "attributes": {}, 
        "id": "3100dc510186d8b6", 
        "name": "Richmond"
      }
    }, 
    {
      "quote_count": 0, 
      "contributors": null, 
      "truncated": false, 
      "text": "MWNOAM \u2014  Why legal marijuana will hurt kids - The Centre for Addiction and Mental Health (CMAH) in Toronto says,\u2026 https://t.co/dTq5eQF2rq", 
      "is_quote_status": false, 
      "in_reply_to_status_id": null, 
      "reply_count": 0, 
      "id": 870084750240657409, 
      "favorite_count": 0, 
      "source": "<a href=\"https://dlvrit.com/\" rel=\"nofollow\">dlvr.it</a>", 
      "retweeted": false, 
      "coordinates": {
        "type": "Point", 
        "coordinates": [
          -123.07050781, 
          49.1978055
        ]
      }, 
      "entities": {
        "user_mentions": [], 
        "symbols": [], 
        "hashtags": [], 
        "urls": [
          {
            "url": "https://t.co/dTq5eQF2rq", 
            "indices": [
              115, 
              138
            ], 
            "expanded_url": "http://dlvr.it/PHfmjK", 
            "display_url": "dlvr.it/PHfmjK"
          }
        ]
      }, 
      "in_reply_to_screen_name": null, 
      "id_str": "870084750240657409", 
      "retweet_count": 0, 
      "in_reply_to_user_id": null, 
      "favorited": false, 
      "user": {
        "follow_request_sent": null, 
        "profile_use_background_image": true, 
        "default_profile_image": false, 
        "id": 138418838, 
        "default_profile": false, 
        "verified": false, 
        "profile_image_url_https": "https://pbs.twimg.com/profile_images/378800000775244567/ba8aacb749d186534e40be8e2b73dafc_normal.png", 
        "profile_sidebar_fill_color": "DDEEF6", 
        "profile_text_color": "333333", 
        "followers_count": 4370, 
        "profile_sidebar_border_color": "FFFFFF", 
        "id_str": "138418838", 
        "profile_background_color": "FFFFFF", 
        "listed_count": 288, 
        "profile_background_image_url_https": "https://abs.twimg.com/images/themes/theme20/bg.png", 
        "utc_offset": null, 
        "statuses_count": 1451392, 
        "description": "Americas \u2014 United Kingdom  | Keeping up-to-date on global social exclusion \u2014 Stigmabase is a Canadian Nonprofit Initiative | F in 2010", 
        "friends_count": 4167, 
        "location": "America | United Kindom", 
        "profile_link_color": "0084B4", 
        "profile_image_url": "http://pbs.twimg.com/profile_images/378800000775244567/ba8aacb749d186534e40be8e2b73dafc_normal.png", 
        "following": null, 
        "geo_enabled": true, 
        "profile_banner_url": "https://pbs.twimg.com/profile_banners/138418838/1385144474", 
        "profile_background_image_url": "http://abs.twimg.com/images/themes/theme20/bg.png", 
        "name": "Stigmabase | ORG", 
        "lang": "en", 
        "profile_background_tile": false, 
        "favourites_count": 0, 
        "screen_name": "Pairsonnalites", 
        "notifications": null, 
        "url": "http://uk.stigmabase.org", 
        "created_at": "Thu Apr 29 13:56:48 +0000 2010", 
        "contributors_enabled": false, 
        "time_zone": null, 
        "protected": false, 
        "translator_type": "none", 
        "is_translator": false
      }, 
      "geo": {
        "type": "Point", 
        "coordinates": [
          49.1978055, 
          -123.07050781
        ]
      }, 
      "in_reply_to_user_id_str": null, 
      "possibly_sensitive": false, 
      "lang": "en", 
      "matching_rules": [
        {
          "tag": null
        }
      ], 
      "created_at": "Thu Jun 01 01:09:04 +0000 2017", 
      "filter_level": "low", 
      "in_reply_to_status_id_str": null, 
      "place": {
        "country_code": "CA", 
        "url": "https://api.twitter.com/1.1/geo/id/3100dc510186d8b6.json", 
        "country": "Canada", 
        "place_type": "city", 
        "bounding_box": {
          "type": "Polygon", 
          "coordinates": [
            [
              [
                -123.304549, 
                49.08609
              ], 
              [
                -123.304549, 
                49.262393
              ], 
              [
                -122.957124, 
                49.262393
              ], 
              [
                -122.957124, 
                49.08609
              ]
            ]
          ]
        }, 
        "full_name": "Richmond, British Columbia", 
        "attributes": {}, 
        "id": "3100dc510186d8b6", 
        "name": "Richmond"
      }
    }
  ], 
  "requestParameters": {
    "toDate": "201707010000", 
    "fromDate": "201706010000", 
    "maxResults": 100
  }
}