{
  "results": [
    {
      "quote_count": 0, 
      "contributors": null, 
      "truncated": false, 
      "text": "F**K YOU McLellan #MARIJUANA DOESN'T CAUSE CANCER, it cures; how do YOU not know this? @DalChancellor @JustinTrudeau https://t.co/GmQGmatT22", 
      "is_quote_status": false, 
      "in_reply_to_status_id": null, 
      "reply_count": 0, 
      "id": 784488575920316416, 
      "favorite_count": 0, 
      "source": "<a href=\"http://twitter.com\" rel=\"nofollow\">Twitter Web Client</a>", 
      "retweeted": false, 
      "coordinates": null, 
      "entities": {
        "user_mentions": [
          {
            "id": 4895124983, 
            "indices": [
              87, 
              101
            ], 
            "id_str": "4895124983", 
            "screen_name": "DalChancellor", 
            "name": "Anne McLellan"
          }, 
          {
            "id": 14260960, 
            "indices": [
              102, 
              116
            ], 
            "id_str": "14260960", 
            "screen_name": "JustinTrudeau", 
            "name": "Justin Trudeau"
          }
        ], 
        "symbols": [], 
        "hashtags": [
          {
            "indices": [
              18, 
              28
            ], 
            "text": "MARIJUANA"
          }
        ], 
        "urls": [
          {
            "url": "https://t.co/GmQGmatT22", 
            "indices": [
              117, 
              140
            ], 
            "expanded_url": "https://cannabislifenetwork.com/nobody-should-smoke-cannabis-says-legalization-task-force-leader-mclellan/", 
            "display_url": "cannabislifenetwork.com/nobody-should-\u2026"
          }
        ]
      }, 
      "in_reply_to_screen_name": null, 
      "id_str": "784488575920316416", 
      "retweet_count": 0, 
      "in_reply_to_user_id": null, 
      "favorited": false, 
      "user": {
        "follow_request_sent": null, 
        "profile_use_background_image": true, 
        "default_profile_image": false, 
        "id": 198263394, 
        "default_profile": false, 
        "verified": false, 
        "profile_image_url_https": "https://pbs.twimg.com/profile_images/857967758381694977/tEgFpiKh_normal.jpg", 
        "profile_sidebar_fill_color": "DDEEF6", 
        "profile_text_color": "333333", 
        "followers_count": 337, 
        "profile_sidebar_border_color": "C0DEED", 
        "id_str": "198263394", 
        "profile_background_color": "C0DEED", 
        "listed_count": 41, 
        "profile_background_image_url_https": "https://abs.twimg.com/images/themes/theme1/bg.png", 
        "utc_offset": null, 
        "statuses_count": 6600, 
        "description": "writer, photographer, artist, activist, cyclist, marijuana farmer, disabled / eChopper.ca", 
        "friends_count": 435, 
        "location": "Victoria, BC", 
        "profile_link_color": "038055", 
        "profile_image_url": "http://pbs.twimg.com/profile_images/857967758381694977/tEgFpiKh_normal.jpg", 
        "following": null, 
        "geo_enabled": true, 
        "profile_banner_url": "https://pbs.twimg.com/profile_banners/198263394/1459984355", 
        "profile_background_image_url": "http://abs.twimg.com/images/themes/theme1/bg.png", 
        "name": "Bruce Dean", 
        "lang": "en", 
        "profile_background_tile": true, 
        "favourites_count": 10346, 
        "screen_name": "photowarrior", 
        "notifications": null, 
        "url": "http://www.flickr.com/photos/brucedean/", 
        "created_at": "Sun Oct 03 20:27:43 +0000 2010", 
        "contributors_enabled": false, 
        "time_zone": null, 
        "protected": false, 
        "translator_type": "none", 
        "is_translator": false
      }, 
      "geo": null, 
      "in_reply_to_user_id_str": null, 
      "possibly_sensitive": false, 
      "lang": "en", 
      "matching_rules": [
        {
          "tag": null
        }
      ], 
      "created_at": "Fri Oct 07 20:20:26 +0000 2016", 
      "filter_level": "low", 
      "in_reply_to_status_id_str": null, 
      "place": {
        "country_code": "CA", 
        "url": "https://api.twitter.com/1.1/geo/id/39fff0955b7e26a8.json", 
        "country": "Canada", 
        "place_type": "admin", 
        "bounding_box": {
          "type": "Polygon", 
          "coordinates": [
            [
              [
                -124.501081, 
                48.22493
              ], 
              [
                -124.501081, 
                49.018263
              ], 
              [
                -123.008472, 
                49.018263
              ], 
              [
                -123.008472, 
                48.22493
              ]
            ]
          ]
        }, 
        "full_name": "Capital, British Columbia", 
        "attributes": {}, 
        "id": "39fff0955b7e26a8", 
        "name": "Capital"
      }
    }, 
    {
      "quote_count": 0, 
      "quoted_status_permalink": {
        "url": "https://t.co/Nd0uO4OyPj", 
        "expanded": "https://twitter.com/getcannabiscare/status/784483883907678209", 
        "display": "twitter.com/getcannabiscar\u2026"
      }, 
      "contributors": null, 
      "truncated": true, 
      "text": "I will be thankful when cannabis is a legal option. Studies are showing it can be more effective than opiates for p\u2026 https://t.co/7v1jcp668F", 
      "is_quote_status": true, 
      "in_reply_to_status_id": null, 
      "reply_count": 0, 
      "id": 784486781341175808, 
      "favorite_count": 0, 
      "entities": {
        "user_mentions": [], 
        "symbols": [], 
        "hashtags": [], 
        "urls": [
          {
            "url": "https://t.co/7v1jcp668F", 
            "indices": [
              117, 
              140
            ], 
            "expanded_url": "https://twitter.com/i/web/status/784486781341175808", 
            "display_url": "twitter.com/i/web/status/7\u2026"
          }
        ]
      }, 
      "quoted_status_id": 784483883907678209, 
      "retweeted": false, 
      "coordinates": null, 
      "quoted_status": {
        "quote_count": 0, 
        "contributors": null, 
        "truncated": true, 
        "text": "#Cannabis May Be Better For Back Pain Sufferers Than Opiates! - Natural Blaze (@natural_blaze)\u2026 https://t.co/Tfe98lLDdM", 
        "is_quote_status": false, 
        "in_reply_to_status_id": null, 
        "reply_count": 0, 
        "id": 784483883907678209, 
        "favorite_count": 30, 
        "entities": {
          "user_mentions": [], 
          "symbols": [], 
          "hashtags": [
            {
              "indices": [
                0, 
                9
              ], 
              "text": "Cannabis"
            }
          ], 
          "urls": [
            {
              "url": "https://t.co/Tfe98lLDdM", 
              "indices": [
                96, 
                119
              ], 
              "expanded_url": "https://twitter.com/i/web/status/784483883907678209", 
              "display_url": "twitter.com/i/web/status/7\u2026"
            }
          ]
        }, 
        "retweeted": false, 
        "coordinates": null, 
        "source": "<a href=\"http://meetedgar.com\" rel=\"nofollow\">Meet Edgar</a>", 
        "in_reply_to_screen_name": null, 
        "id_str": "784483883907678209", 
        "display_text_range": [
          0, 
          140
        ], 
        "retweet_count": 19, 
        "in_reply_to_user_id": null, 
        "favorited": false, 
        "user": {
          "follow_request_sent": null, 
          "profile_use_background_image": true, 
          "default_profile_image": false, 
          "id": 733422835704586242, 
          "default_profile": true, 
          "verified": false, 
          "profile_image_url_https": "https://pbs.twimg.com/profile_images/738503849405599744/SFhvUFXN_normal.jpg", 
          "profile_sidebar_fill_color": "DDEEF6", 
          "profile_text_color": "333333", 
          "followers_count": 8689, 
          "profile_sidebar_border_color": "C0DEED", 
          "id_str": "733422835704586242", 
          "profile_background_color": "F5F8FA", 
          "listed_count": 103, 
          "profile_background_image_url_https": "", 
          "utc_offset": null, 
          "statuses_count": 2133, 
          "description": "Get #cannabis online in Canada. We work directly with growers, bakeries and concentrate makers. Lab-tested for potency. Mailed discreetly. Shop now! #mmj", 
          "friends_count": 4483, 
          "location": "Canada", 
          "profile_link_color": "1DA1F2", 
          "profile_image_url": "http://pbs.twimg.com/profile_images/738503849405599744/SFhvUFXN_normal.jpg", 
          "following": null, 
          "geo_enabled": false, 
          "profile_banner_url": "https://pbs.twimg.com/profile_banners/733422835704586242/1465454513", 
          "profile_background_image_url": "", 
          "name": "Cannabis Care", 
          "lang": "en", 
          "profile_background_tile": false, 
          "favourites_count": 29267, 
          "screen_name": "getcannabiscare", 
          "notifications": null, 
          "url": "http://www.cannabiscare.ca", 
          "created_at": "Thu May 19 22:23:25 +0000 2016", 
          "contributors_enabled": false, 
          "time_zone": null, 
          "protected": false, 
          "translator_type": "none", 
          "is_translator": false
        }, 
        "geo": null, 
        "in_reply_to_user_id_str": null, 
        "possibly_sensitive": false, 
        "lang": "en", 
        "extended_tweet": {
          "display_text_range": [
            0, 
            118
          ], 
          "entities": {
            "user_mentions": [], 
            "symbols": [], 
            "hashtags": [
              {
                "indices": [
                  0, 
                  9
                ], 
                "text": "Cannabis"
              }
            ], 
            "urls": [
              {
                "url": "https://t.co/KUYpRWPHKp", 
                "indices": [
                  95, 
                  118
                ], 
                "expanded_url": "http://bit.ly/2dwH0sf", 
                "display_url": "bit.ly/2dwH0sf"
              }
            ], 
            "media": [
              {
                "expanded_url": "https://twitter.com/getcannabiscare/status/784483883907678209/photo/1", 
                "display_url": "pic.twitter.com/gSa4l6waMM", 
                "url": "https://t.co/gSa4l6waMM", 
                "media_url_https": "https://pbs.twimg.com/media/CuML7y6WEAA_zwQ.jpg", 
                "id_str": "784483881999273984", 
                "sizes": {
                  "small": {
                    "h": 453, 
                    "resize": "fit", 
                    "w": 680
                  }, 
                  "large": {
                    "h": 800, 
                    "resize": "fit", 
                    "w": 1200
                  }, 
                  "medium": {
                    "h": 800, 
                    "resize": "fit", 
                    "w": 1200
                  }, 
                  "thumb": {
                    "h": 150, 
                    "resize": "crop", 
                    "w": 150
                  }
                }, 
                "indices": [
                  119, 
                  142
                ], 
                "type": "photo", 
                "id": 784483881999273984, 
                "media_url": "http://pbs.twimg.com/media/CuML7y6WEAA_zwQ.jpg"
              }
            ]
          }, 
          "extended_entities": {
            "media": [
              {
                "expanded_url": "https://twitter.com/getcannabiscare/status/784483883907678209/photo/1", 
                "display_url": "pic.twitter.com/gSa4l6waMM", 
                "url": "https://t.co/gSa4l6waMM", 
                "media_url_https": "https://pbs.twimg.com/media/CuML7y6WEAA_zwQ.jpg", 
                "id_str": "784483881999273984", 
                "sizes": {
                  "small": {
                    "h": 453, 
                    "resize": "fit", 
                    "w": 680
                  }, 
                  "large": {
                    "h": 800, 
                    "resize": "fit", 
                    "w": 1200
                  }, 
                  "medium": {
                    "h": 800, 
                    "resize": "fit", 
                    "w": 1200
                  }, 
                  "thumb": {
                    "h": 150, 
                    "resize": "crop", 
                    "w": 150
                  }
                }, 
                "indices": [
                  119, 
                  142
                ], 
                "type": "photo", 
                "id": 784483881999273984, 
                "media_url": "http://pbs.twimg.com/media/CuML7y6WEAA_zwQ.jpg"
              }
            ]
          }, 
          "full_text": "#Cannabis May Be Better For Back Pain Sufferers Than Opiates! - Natural Blaze (@natural_blaze) https://t.co/KUYpRWPHKp https://t.co/gSa4l6waMM"
        }, 
        "created_at": "Fri Oct 07 20:01:47 +0000 2016", 
        "filter_level": "low", 
        "in_reply_to_status_id_str": null, 
        "place": null
      }, 
      "source": "<a href=\"http://twitter.com/download/iphone\" rel=\"nofollow\">Twitter for iPhone</a>", 
      "in_reply_to_screen_name": null, 
      "id_str": "784486781341175808", 
      "display_text_range": [
        0, 
        140
      ], 
      "retweet_count": 0, 
      "in_reply_to_user_id": null, 
      "favorited": false, 
      "matching_rules": [
        {
          "tag": null
        }
      ], 
      "user": {
        "follow_request_sent": null, 
        "profile_use_background_image": true, 
        "default_profile_image": false, 
        "id": 214530013, 
        "default_profile": false, 
        "verified": false, 
        "profile_image_url_https": "https://pbs.twimg.com/profile_images/1503724356/185307_10150743543890515_637760514_20232316_6592886_n_normal.jpg", 
        "profile_sidebar_fill_color": "252429", 
        "profile_text_color": "666666", 
        "followers_count": 669, 
        "profile_sidebar_border_color": "181A1E", 
        "id_str": "214530013", 
        "profile_background_color": "1A1B1F", 
        "listed_count": 13, 
        "profile_background_image_url_https": "https://abs.twimg.com/images/themes/theme9/bg.gif", 
        "utc_offset": null, 
        "statuses_count": 12575, 
        "description": "Sometimes I wish I wasn't me, so I could date me. Lover of bacon, hater of coldplay. Parliament is my drug of choice. Hobbies include this. She/Her \ud83c\udff3\ufe0f\u200d\ud83c\udf08", 
        "friends_count": 665, 
        "location": "Calgary, Alberta", 
        "profile_link_color": "2FC2EF", 
        "profile_image_url": "http://pbs.twimg.com/profile_images/1503724356/185307_10150743543890515_637760514_20232316_6592886_n_normal.jpg", 
        "following": null, 
        "geo_enabled": true, 
        "profile_banner_url": "https://pbs.twimg.com/profile_banners/214530013/1367529126", 
        "profile_background_image_url": "http://abs.twimg.com/images/themes/theme9/bg.gif", 
        "name": "Misty", 
        "lang": "en", 
        "profile_background_tile": true, 
        "favourites_count": 31426, 
        "screen_name": "mistysaid", 
        "notifications": null, 
        "url": null, 
        "created_at": "Thu Nov 11 16:31:48 +0000 2010", 
        "contributors_enabled": false, 
        "time_zone": null, 
        "protected": false, 
        "translator_type": "none", 
        "is_translator": false
      }, 
      "geo": null, 
      "in_reply_to_user_id_str": null, 
      "possibly_sensitive": false, 
      "lang": "en", 
      "extended_tweet": {
        "display_text_range": [
          0, 
          130
        ], 
        "entities": {
          "user_mentions": [], 
          "symbols": [], 
          "hashtags": [], 
          "urls": [
            {
              "url": "https://t.co/Nd0uO4OyPj", 
              "indices": [
                131, 
                154
              ], 
              "expanded_url": "https://twitter.com/getcannabiscare/status/784483883907678209", 
              "display_url": "twitter.com/getcannabiscar\u2026"
            }
          ]
        }, 
        "full_text": "I will be thankful when cannabis is a legal option. Studies are showing it can be more effective than opiates for pain management. https://t.co/Nd0uO4OyPj"
      }, 
      "created_at": "Fri Oct 07 20:13:18 +0000 2016", 
      "quoted_status_id_str": "784483883907678209", 
      "filter_level": "low", 
      "in_reply_to_status_id_str": null, 
      "place": {
        "country_code": "CA", 
        "url": "https://api.twitter.com/1.1/geo/id/53504716d445dcad.json", 
        "country": "Canada", 
        "place_type": "city", 
        "bounding_box": {
          "type": "Polygon", 
          "coordinates": [
            [
              [
                -114.316038, 
                50.84278
              ], 
              [
                -114.316038, 
                51.212548
              ], 
              [
                -113.859664, 
                51.212548
              ], 
              [
                -113.859664, 
                50.84278
              ]
            ]
          ]
        }, 
        "full_name": "Calgary, Alberta", 
        "attributes": {}, 
        "id": "53504716d445dcad", 
        "name": "Calgary"
      }
    }, 
    {
      "quote_count": 0, 
      "contributors": null, 
      "truncated": false, 
      "text": "@Cinnamon305 @HumanistPundit Not really. Hillary is very liberal. Pot is becoming legal all over US. But it won't under dictator Trump.", 
      "is_quote_status": false, 
      "in_reply_to_status_id": 784474573169360896, 
      "reply_count": 1, 
      "id": 784477129278750720, 
      "favorite_count": 0, 
      "entities": {
        "user_mentions": [
          {
            "id": 712707453281034240, 
            "indices": [
              0, 
              12
            ], 
            "id_str": "712707453281034240", 
            "screen_name": "Cinnamon305", 
            "name": "Cinnamon 305"
          }
        ], 
        "symbols": [], 
        "hashtags": [], 
        "urls": []
      }, 
      "retweeted": false, 
      "coordinates": null, 
      "source": "<a href=\"http://twitter.com/download/iphone\" rel=\"nofollow\">Twitter for iPhone</a>", 
      "in_reply_to_screen_name": "Cinnamon305", 
      "id_str": "784477129278750720", 
      "display_text_range": [
        29, 
        135
      ], 
      "retweet_count": 0, 
      "in_reply_to_user_id": 712707453281034240, 
      "favorited": false, 
      "user": {
        "follow_request_sent": null, 
        "profile_use_background_image": true, 
        "default_profile_image": false, 
        "id": 24214420, 
        "default_profile": false, 
        "verified": false, 
        "profile_image_url_https": "https://pbs.twimg.com/profile_images/798192763107840000/QIKULRDB_normal.jpg", 
        "profile_sidebar_fill_color": "252429", 
        "profile_text_color": "666666", 
        "followers_count": 2592, 
        "profile_sidebar_border_color": "181A1E", 
        "id_str": "24214420", 
        "profile_background_color": "1A1B1F", 
        "listed_count": 80, 
        "profile_background_image_url_https": "https://abs.twimg.com/images/themes/theme9/bg.gif", 
        "utc_offset": null, 
        "statuses_count": 108344, 
        "description": "I can say thank you in 25 languages. Teach me more. ***Blocked by ROGER STONE in July 2016 - after he tweeted obscenities at me.", 
        "friends_count": 4996, 
        "location": "California, USA", 
        "profile_link_color": "2FC2EF", 
        "profile_image_url": "http://pbs.twimg.com/profile_images/798192763107840000/QIKULRDB_normal.jpg", 
        "following": null, 
        "geo_enabled": true, 
        "profile_banner_url": "https://pbs.twimg.com/profile_banners/24214420/1484942894", 
        "profile_background_image_url": "http://abs.twimg.com/images/themes/theme9/bg.gif", 
        "name": "Elizabeth IMPEACH \ud83c\udf0a", 
        "lang": "en", 
        "profile_background_tile": false, 
        "favourites_count": 50945, 
        "screen_name": "ElizabethRowin", 
        "notifications": null, 
        "url": null, 
        "created_at": "Fri Mar 13 17:49:55 +0000 2009", 
        "contributors_enabled": false, 
        "time_zone": null, 
        "protected": false, 
        "translator_type": "none", 
        "is_translator": false
      }, 
      "geo": null, 
      "in_reply_to_user_id_str": "712707453281034240", 
      "lang": "en", 
      "matching_rules": [
        {
          "tag": null
        }
      ], 
      "created_at": "Fri Oct 07 19:34:57 +0000 2016", 
      "filter_level": "low", 
      "in_reply_to_status_id_str": "784474573169360896", 
      "place": {
        "country_code": "CA", 
        "url": "https://api.twitter.com/1.1/geo/id/3797791ff9c0e4c6.json", 
        "country": "Canada", 
        "place_type": "city", 
        "bounding_box": {
          "type": "Polygon", 
          "coordinates": [
            [
              [
                -79.639319, 
                43.403221
              ], 
              [
                -79.639319, 
                43.855401
              ], 
              [
                -78.90582, 
                43.855401
              ], 
              [
                -78.90582, 
                43.403221
              ]
            ]
          ]
        }, 
        "full_name": "Toronto, Ontario", 
        "attributes": {}, 
        "id": "3797791ff9c0e4c6", 
        "name": "Toronto"
      }
    }, 
    {
      "quote_count": 0, 
      "contributors": null, 
      "truncated": false, 
      "text": ".@JustinTrudeau admires Oktoberfest Booze-In celebration of world's most deadly drug. #legalize #marijuana #cannabis https://t.co/vi1drQhfK9", 
      "is_quote_status": false, 
      "in_reply_to_status_id": null, 
      "reply_count": 0, 
      "id": 784463954034593792, 
      "favorite_count": 0, 
      "source": "<a href=\"http://twitter.com\" rel=\"nofollow\">Twitter Web Client</a>", 
      "retweeted": false, 
      "coordinates": null, 
      "entities": {
        "user_mentions": [
          {
            "id": 14260960, 
            "indices": [
              1, 
              15
            ], 
            "id_str": "14260960", 
            "screen_name": "JustinTrudeau", 
            "name": "Justin Trudeau"
          }
        ], 
        "symbols": [], 
        "hashtags": [
          {
            "indices": [
              86, 
              95
            ], 
            "text": "legalize"
          }, 
          {
            "indices": [
              96, 
              106
            ], 
            "text": "marijuana"
          }, 
          {
            "indices": [
              107, 
              116
            ], 
            "text": "cannabis"
          }
        ], 
        "urls": [
          {
            "url": "https://t.co/vi1drQhfK9", 
            "indices": [
              117, 
              140
            ], 
            "expanded_url": "https://youtu.be/dc_Lm2iiNbE", 
            "display_url": "youtu.be/dc_Lm2iiNbE"
          }
        ]
      }, 
      "in_reply_to_screen_name": null, 
      "id_str": "784463954034593792", 
      "retweet_count": 0, 
      "in_reply_to_user_id": null, 
      "favorited": false, 
      "user": {
        "follow_request_sent": null, 
        "profile_use_background_image": true, 
        "default_profile_image": false, 
        "id": 198263394, 
        "default_profile": false, 
        "verified": false, 
        "profile_image_url_https": "https://pbs.twimg.com/profile_images/857967758381694977/tEgFpiKh_normal.jpg", 
        "profile_sidebar_fill_color": "DDEEF6", 
        "profile_text_color": "333333", 
        "followers_count": 337, 
        "profile_sidebar_border_color": "C0DEED", 
        "id_str": "198263394", 
        "profile_background_color": "C0DEED", 
        "listed_count": 41, 
        "profile_background_image_url_https": "https://abs.twimg.com/images/themes/theme1/bg.png", 
        "utc_offset": null, 
        "statuses_count": 6600, 
        "description": "writer, photographer, artist, activist, cyclist, marijuana farmer, disabled / eChopper.ca", 
        "friends_count": 435, 
        "location": "Victoria, BC", 
        "profile_link_color": "038055", 
        "profile_image_url": "http://pbs.twimg.com/profile_images/857967758381694977/tEgFpiKh_normal.jpg", 
        "following": null, 
        "geo_enabled": true, 
        "profile_banner_url": "https://pbs.twimg.com/profile_banners/198263394/1459984355", 
        "profile_background_image_url": "http://abs.twimg.com/images/themes/theme1/bg.png", 
        "name": "Bruce Dean", 
        "lang": "en", 
        "profile_background_tile": true, 
        "favourites_count": 10346, 
        "screen_name": "photowarrior", 
        "notifications": null, 
        "url": "http://www.flickr.com/photos/brucedean/", 
        "created_at": "Sun Oct 03 20:27:43 +0000 2010", 
        "contributors_enabled": false, 
        "time_zone": null, 
        "protected": false, 
        "translator_type": "none", 
        "is_translator": false
      }, 
      "geo": null, 
      "in_reply_to_user_id_str": null, 
      "possibly_sensitive": false, 
      "lang": "en", 
      "matching_rules": [
        {
          "tag": null
        }
      ], 
      "created_at": "Fri Oct 07 18:42:35 +0000 2016", 
      "filter_level": "low", 
      "in_reply_to_status_id_str": null, 
      "place": {
        "country_code": "CA", 
        "url": "https://api.twitter.com/1.1/geo/id/39fff0955b7e26a8.json", 
        "country": "Canada", 
        "place_type": "admin", 
        "bounding_box": {
          "type": "Polygon", 
          "coordinates": [
            [
              [
                -124.501081, 
                48.22493
              ], 
              [
                -124.501081, 
                49.018263
              ], 
              [
                -123.008472, 
                49.018263
              ], 
              [
                -123.008472, 
                48.22493
              ]
            ]
          ]
        }, 
        "full_name": "Capital, British Columbia", 
        "attributes": {}, 
        "id": "39fff0955b7e26a8", 
        "name": "Capital"
      }
    }, 
    {
      "quote_count": 0, 
      "contributors": null, 
      "truncated": false, 
      "text": "Getting refollowed on instagram from numerous canadian cannabis placesWhy does IG shut down legal marijuana sites? This is canada it's legal", 
      "is_quote_status": false, 
      "in_reply_to_status_id": null, 
      "reply_count": 0, 
      "id": 784395532504403968, 
      "favorite_count": 1, 
      "source": "<a href=\"http://twitter.com/download/android\" rel=\"nofollow\">Twitter for Android</a>", 
      "retweeted": false, 
      "coordinates": null, 
      "entities": {
        "user_mentions": [], 
        "symbols": [], 
        "hashtags": [], 
        "urls": []
      }, 
      "in_reply_to_screen_name": null, 
      "id_str": "784395532504403968", 
      "retweet_count": 0, 
      "in_reply_to_user_id": null, 
      "favorited": false, 
      "user": {
        "follow_request_sent": null, 
        "profile_use_background_image": true, 
        "default_profile_image": false, 
        "id": 446280711, 
        "default_profile": false, 
        "verified": false, 
        "profile_image_url_https": "https://pbs.twimg.com/profile_images/509866196049481728/ui_1Z8h9_normal.jpeg", 
        "profile_sidebar_fill_color": "EFEFEF", 
        "profile_text_color": "333333", 
        "followers_count": 4156, 
        "profile_sidebar_border_color": "FFFFFF", 
        "id_str": "446280711", 
        "profile_background_color": "131555", 
        "listed_count": 287, 
        "profile_background_image_url_https": "https://abs.twimg.com/images/themes/theme14/bg.gif", 
        "utc_offset": null, 
        "statuses_count": 21188, 
        "description": "Dual citizen (USA+CAD). \n#YYC #PDX #SAN\nGreen Energy. Cannabis Consultant. Pot Stocks. Pro Cannabis & Cannabis Pro.", 
        "friends_count": 4742, 
        "location": "Calgary Alberta Portland OR San Diego California", 
        "profile_link_color": "4A913C", 
        "profile_image_url": "http://pbs.twimg.com/profile_images/509866196049481728/ui_1Z8h9_normal.jpeg", 
        "following": null, 
        "geo_enabled": true, 
        "profile_banner_url": "https://pbs.twimg.com/profile_banners/446280711/1442707506", 
        "profile_background_image_url": "http://abs.twimg.com/images/themes/theme14/bg.gif", 
        "name": "#AmeriCanadians", 
        "lang": "en", 
        "profile_background_tile": true, 
        "favourites_count": 12153, 
        "screen_name": "AmeriCanadians", 
        "notifications": null, 
        "url": "http://www.DotBong.ca", 
        "created_at": "Sun Dec 25 14:31:58 +0000 2011", 
        "contributors_enabled": false, 
        "time_zone": null, 
        "protected": false, 
        "translator_type": "none", 
        "is_translator": false
      }, 
      "geo": null, 
      "in_reply_to_user_id_str": null, 
      "lang": "en", 
      "matching_rules": [
        {
          "tag": null
        }
      ], 
      "created_at": "Fri Oct 07 14:10:42 +0000 2016", 
      "filter_level": "low", 
      "in_reply_to_status_id_str": null, 
      "place": {
        "country_code": "CA", 
        "url": "https://api.twitter.com/1.1/geo/id/53504716d445dcad.json", 
        "country": "Canada", 
        "place_type": "city", 
        "bounding_box": {
          "type": "Polygon", 
          "coordinates": [
            [
              [
                -114.316038, 
                50.84278
              ], 
              [
                -114.316038, 
                51.212548
              ], 
              [
                -113.859664, 
                51.212548
              ], 
              [
                -113.859664, 
                50.84278
              ]
            ]
          ]
        }, 
        "full_name": "Calgary, Alberta", 
        "attributes": {}, 
        "id": "53504716d445dcad", 
        "name": "Calgary"
      }
    }, 
    {
      "quote_count": 0, 
      "contributors": null, 
      "truncated": false, 
      "text": "#Stigmabase USCA -  Has Colorado teen marijuana use not increased since legalization? - We should also note that\u2026 https://t.co/5wtVC80n15", 
      "is_quote_status": false, 
      "in_reply_to_status_id": null, 
      "reply_count": 0, 
      "id": 784257999330168832, 
      "favorite_count": 0, 
      "source": "<a href=\"https://dlvrit.com/\" rel=\"nofollow\">dlvr.it</a>", 
      "retweeted": false, 
      "coordinates": {
        "type": "Point", 
        "coordinates": [
          -123.07050781, 
          49.1978055
        ]
      }, 
      "entities": {
        "user_mentions": [], 
        "symbols": [], 
        "hashtags": [
          {
            "indices": [
              0, 
              11
            ], 
            "text": "Stigmabase"
          }
        ], 
        "urls": [
          {
            "url": "https://t.co/5wtVC80n15", 
            "indices": [
              114, 
              137
            ], 
            "expanded_url": "http://dlvr.it/MPp1zb", 
            "display_url": "dlvr.it/MPp1zb"
          }
        ]
      }, 
      "in_reply_to_screen_name": null, 
      "id_str": "784257999330168832", 
      "retweet_count": 0, 
      "in_reply_to_user_id": null, 
      "favorited": false, 
      "user": {
        "follow_request_sent": null, 
        "profile_use_background_image": true, 
        "default_profile_image": false, 
        "id": 138418838, 
        "default_profile": false, 
        "verified": false, 
        "profile_image_url_https": "https://pbs.twimg.com/profile_images/378800000775244567/ba8aacb749d186534e40be8e2b73dafc_normal.png", 
        "profile_sidebar_fill_color": "DDEEF6", 
        "profile_text_color": "333333", 
        "followers_count": 4370, 
        "profile_sidebar_border_color": "FFFFFF", 
        "id_str": "138418838", 
        "profile_background_color": "FFFFFF", 
        "listed_count": 288, 
        "profile_background_image_url_https": "https://abs.twimg.com/images/themes/theme20/bg.png", 
        "utc_offset": null, 
        "statuses_count": 1451386, 
        "description": "Americas \u2014 United Kingdom  | Keeping up-to-date on global social exclusion \u2014 Stigmabase is a Canadian Nonprofit Initiative | F in 2010", 
        "friends_count": 4167, 
        "location": "America | United Kindom", 
        "profile_link_color": "0084B4", 
        "profile_image_url": "http://pbs.twimg.com/profile_images/378800000775244567/ba8aacb749d186534e40be8e2b73dafc_normal.png", 
        "following": null, 
        "geo_enabled": true, 
        "profile_banner_url": "https://pbs.twimg.com/profile_banners/138418838/1385144474", 
        "profile_background_image_url": "http://abs.twimg.com/images/themes/theme20/bg.png", 
        "name": "Stigmabase | ORG", 
        "lang": "en", 
        "profile_background_tile": false, 
        "favourites_count": 0, 
        "screen_name": "Pairsonnalites", 
        "notifications": null, 
        "url": "http://uk.stigmabase.org", 
        "created_at": "Thu Apr 29 13:56:48 +0000 2010", 
        "contributors_enabled": false, 
        "time_zone": null, 
        "protected": false, 
        "translator_type": "none", 
        "is_translator": false
      }, 
      "geo": {
        "type": "Point", 
        "coordinates": [
          49.1978055, 
          -123.07050781
        ]
      }, 
      "in_reply_to_user_id_str": null, 
      "possibly_sensitive": false, 
      "lang": "en", 
      "matching_rules": [
        {
          "tag": null
        }
      ], 
      "created_at": "Fri Oct 07 05:04:12 +0000 2016", 
      "filter_level": "low", 
      "in_reply_to_status_id_str": null, 
      "place": {
        "country_code": "CA", 
        "url": "https://api.twitter.com/1.1/geo/id/3100dc510186d8b6.json", 
        "country": "Canada", 
        "place_type": "city", 
        "bounding_box": {
          "type": "Polygon", 
          "coordinates": [
            [
              [
                -123.304549, 
                49.08609
              ], 
              [
                -123.304549, 
                49.262393
              ], 
              [
                -122.957124, 
                49.262393
              ], 
              [
                -122.957124, 
                49.08609
              ]
            ]
          ]
        }, 
        "full_name": "Richmond, British Columbia", 
        "attributes": {}, 
        "id": "3100dc510186d8b6", 
        "name": "Richmond"
      }
    }, 
    {
      "quote_count": 0, 
      "contributors": null, 
      "truncated": false, 
      "text": "I wish weed was legal in Canada so I could go for smoke breaks", 
      "is_quote_status": false, 
      "in_reply_to_status_id": null, 
      "reply_count": 0, 
      "id": 783453924321665024, 
      "favorite_count": 8, 
      "source": "<a href=\"http://twitter.com/download/iphone\" rel=\"nofollow\">Twitter for iPhone</a>", 
      "retweeted": false, 
      "coordinates": null, 
      "entities": {
        "user_mentions": [], 
        "symbols": [], 
        "hashtags": [], 
        "urls": []
      }, 
      "in_reply_to_screen_name": null, 
      "id_str": "783453924321665024", 
      "retweet_count": 1, 
      "in_reply_to_user_id": null, 
      "favorited": false, 
      "user": {
        "follow_request_sent": null, 
        "profile_use_background_image": true, 
        "default_profile_image": false, 
        "id": 479718227, 
        "default_profile": false, 
        "verified": false, 
        "profile_image_url_https": "https://pbs.twimg.com/profile_images/879879829566373888/a6VpmzLh_normal.jpg", 
        "profile_sidebar_fill_color": "DDEEF6", 
        "profile_text_color": "333333", 
        "followers_count": 693, 
        "profile_sidebar_border_color": "000000", 
        "id_str": "479718227", 
        "profile_background_color": "DD2E44", 
        "listed_count": 12, 
        "profile_background_image_url_https": "https://abs.twimg.com/images/themes/theme1/bg.png", 
        "utc_offset": null, 
        "statuses_count": 11112, 
        "description": "Dakota \ud83d\udc95", 
        "friends_count": 556, 
        "location": "yeg", 
        "profile_link_color": "9266CC", 
        "profile_image_url": "http://pbs.twimg.com/profile_images/879879829566373888/a6VpmzLh_normal.jpg", 
        "following": null, 
        "geo_enabled": true, 
        "profile_banner_url": "https://pbs.twimg.com/profile_banners/479718227/1498971924", 
        "profile_background_image_url": "http://abs.twimg.com/images/themes/theme1/bg.png", 
        "name": "lil jam", 
        "lang": "en", 
        "profile_background_tile": false, 
        "favourites_count": 8466, 
        "screen_name": "ljivyy", 
        "notifications": null, 
        "url": null, 
        "created_at": "Tue Jan 31 17:53:51 +0000 2012", 
        "contributors_enabled": false, 
        "time_zone": null, 
        "protected": false, 
        "translator_type": "none", 
        "is_translator": false
      }, 
      "geo": null, 
      "in_reply_to_user_id_str": null, 
      "lang": "en", 
      "matching_rules": [
        {
          "tag": null
        }
      ], 
      "created_at": "Tue Oct 04 23:49:06 +0000 2016", 
      "filter_level": "low", 
      "in_reply_to_status_id_str": null, 
      "place": {
        "country_code": "CA", 
        "url": "https://api.twitter.com/1.1/geo/id/6a6d896ba1cb5dc4.json", 
        "country": "Canada", 
        "place_type": "city", 
        "bounding_box": {
          "type": "Polygon", 
          "coordinates": [
            [
              [
                -113.71368, 
                53.395531
              ], 
              [
                -113.71368, 
                53.716108
              ], 
              [
                -113.271555, 
                53.716108
              ], 
              [
                -113.271555, 
                53.395531
              ]
            ]
          ]
        }, 
        "full_name": "Edmonton, Alberta", 
        "attributes": {}, 
        "id": "6a6d896ba1cb5dc4", 
        "name": "Edmonton"
      }
    }, 
    {
      "quote_count": 0, 
      "quoted_status_permalink": {
        "url": "https://t.co/0bqBAyQuHv", 
        "expanded": "https://twitter.com/CarolHusband/status/783373087987204096", 
        "display": "twitter.com/CarolHusband/s\u2026"
      }, 
      "contributors": null, 
      "truncated": false, 
      "text": "Don't forget promise to legalize pot biggest plank in promises. https://t.co/0bqBAyQuHv", 
      "is_quote_status": true, 
      "in_reply_to_status_id": null, 
      "reply_count": 1, 
      "id": 783383529971417088, 
      "favorite_count": 1, 
      "entities": {
        "user_mentions": [], 
        "symbols": [], 
        "hashtags": [], 
        "urls": [
          {
            "url": "https://t.co/0bqBAyQuHv", 
            "indices": [
              64, 
              87
            ], 
            "expanded_url": "https://twitter.com/CarolHusband/status/783373087987204096", 
            "display_url": "twitter.com/CarolHusband/s\u2026"
          }
        ]
      }, 
      "quoted_status_id": 783373087987204096, 
      "retweeted": false, 
      "coordinates": null, 
      "quoted_status": {
        "quote_count": 0, 
        "contributors": null, 
        "truncated": false, 
        "text": "@NathanSutton51 He is charming, has curly hair, and a good ass. And that what Canadians bought.", 
        "is_quote_status": false, 
        "in_reply_to_status_id": 783364209182597120, 
        "reply_count": 1, 
        "id": 783373087987204096, 
        "favorite_count": 1, 
        "entities": {
          "user_mentions": [
            {
              "id": 2936618178, 
              "indices": [
                0, 
                15
              ], 
              "id_str": "2936618178", 
              "screen_name": "NathanSutton51", 
              "name": "NJS yyc"
            }
          ], 
          "symbols": [], 
          "hashtags": [], 
          "urls": []
        }, 
        "retweeted": false, 
        "coordinates": null, 
        "source": "<a href=\"http://twitter.com/download/iphone\" rel=\"nofollow\">Twitter for iPhone</a>", 
        "in_reply_to_screen_name": "NathanSutton51", 
        "id_str": "783373087987204096", 
        "display_text_range": [
          16, 
          95
        ], 
        "retweet_count": 0, 
        "in_reply_to_user_id": 2936618178, 
        "favorited": false, 
        "user": {
          "follow_request_sent": null, 
          "profile_use_background_image": true, 
          "default_profile_image": false, 
          "id": 261751772, 
          "default_profile": false, 
          "verified": false, 
          "profile_image_url_https": "https://pbs.twimg.com/profile_images/1263896381/Pars_normal.jpg", 
          "profile_sidebar_fill_color": "DAECF4", 
          "profile_text_color": "663B12", 
          "followers_count": 7452, 
          "profile_sidebar_border_color": "C6E2EE", 
          "id_str": "261751772", 
          "profile_background_color": "C6E2EE", 
          "listed_count": 115, 
          "profile_background_image_url_https": "https://abs.twimg.com/images/themes/theme2/bg.gif", 
          "utc_offset": null, 
          "statuses_count": 128832, 
          "description": "Var fagel sjunger efter sin nabb. (Each bird sings according to his beak.) \u274c", 
          "friends_count": 7468, 
          "location": "Saskatchewan, Canada", 
          "profile_link_color": "1F98C7", 
          "profile_image_url": "http://pbs.twimg.com/profile_images/1263896381/Pars_normal.jpg", 
          "following": null, 
          "geo_enabled": false, 
          "profile_background_image_url": "http://abs.twimg.com/images/themes/theme2/bg.gif", 
          "name": "Carol Husband", 
          "lang": "en", 
          "profile_background_tile": false, 
          "favourites_count": 55425, 
          "screen_name": "CarolHusband", 
          "notifications": null, 
          "url": null, 
          "created_at": "Sun Mar 06 16:42:07 +0000 2011", 
          "contributors_enabled": false, 
          "time_zone": null, 
          "protected": false, 
          "translator_type": "none", 
          "is_translator": false
        }, 
        "geo": null, 
        "in_reply_to_user_id_str": "2936618178", 
        "lang": "en", 
        "created_at": "Tue Oct 04 18:27:53 +0000 2016", 
        "filter_level": "low", 
        "in_reply_to_status_id_str": "783364209182597120", 
        "place": null
      }, 
      "source": "<a href=\"http://twitter.com/download/android\" rel=\"nofollow\">Twitter for Android</a>", 
      "in_reply_to_screen_name": null, 
      "id_str": "783383529971417088", 
      "display_text_range": [
        0, 
        63
      ], 
      "retweet_count": 0, 
      "in_reply_to_user_id": null, 
      "favorited": false, 
      "user": {
        "follow_request_sent": null, 
        "profile_use_background_image": true, 
        "default_profile_image": false, 
        "id": 36330657, 
        "default_profile": false, 
        "verified": false, 
        "profile_image_url_https": "https://pbs.twimg.com/profile_images/894229777133051904/SgA3b1a0_normal.jpg", 
        "profile_sidebar_fill_color": "000000", 
        "profile_text_color": "000000", 
        "followers_count": 560, 
        "profile_sidebar_border_color": "000000", 
        "id_str": "36330657", 
        "profile_background_color": "709397", 
        "listed_count": 14, 
        "profile_background_image_url_https": "https://abs.twimg.com/images/themes/theme6/bg.gif", 
        "utc_offset": null, 
        "statuses_count": 23418, 
        "description": "\"Those who seek revenge, are conquered, and those who choose to forgive are conquerors\"", 
        "friends_count": 759, 
        "location": "Edmonton Alberta Canada", 
        "profile_link_color": "19CF86", 
        "profile_image_url": "http://pbs.twimg.com/profile_images/894229777133051904/SgA3b1a0_normal.jpg", 
        "following": null, 
        "geo_enabled": true, 
        "profile_banner_url": "https://pbs.twimg.com/profile_banners/36330657/1498893541", 
        "profile_background_image_url": "http://abs.twimg.com/images/themes/theme6/bg.gif", 
        "name": "#Robert Rombough", 
        "lang": "en", 
        "profile_background_tile": false, 
        "favourites_count": 652, 
        "screen_name": "robertrombough", 
        "notifications": null, 
        "url": null, 
        "created_at": "Wed Apr 29 10:42:19 +0000 2009", 
        "contributors_enabled": false, 
        "time_zone": null, 
        "protected": false, 
        "translator_type": "none", 
        "is_translator": false
      }, 
      "geo": null, 
      "in_reply_to_user_id_str": null, 
      "possibly_sensitive": true, 
      "lang": "en", 
      "matching_rules": [
        {
          "tag": null
        }
      ], 
      "created_at": "Tue Oct 04 19:09:22 +0000 2016", 
      "quoted_status_id_str": "783373087987204096", 
      "filter_level": "low", 
      "in_reply_to_status_id_str": null, 
      "place": {
        "country_code": "CA", 
        "url": "https://api.twitter.com/1.1/geo/id/6a6d896ba1cb5dc4.json", 
        "country": "Canada", 
        "place_type": "city", 
        "bounding_box": {
          "type": "Polygon", 
          "coordinates": [
            [
              [
                -113.71368, 
                53.395531
              ], 
              [
                -113.71368, 
                53.716108
              ], 
              [
                -113.271555, 
                53.716108
              ], 
              [
                -113.271555, 
                53.395531
              ]
            ]
          ]
        }, 
        "full_name": "Edmonton, Alberta", 
        "attributes": {}, 
        "id": "6a6d896ba1cb5dc4", 
        "name": "Edmonton"
      }
    }, 
    {
      "quote_count": 0, 
      "contributors": null, 
      "truncated": false, 
      "text": "@RosieBarton @AaronWherry @JustinTrudeau promised #Canada to legalize #marijuana, instead he delivers legalized 'high' #CarbonTax #cdnpoli", 
      "is_quote_status": false, 
      "in_reply_to_status_id": 783278231201976320, 
      "reply_count": 0, 
      "id": 783285270192001024, 
      "favorite_count": 1, 
      "entities": {
        "user_mentions": [
          {
            "id": 75050644, 
            "indices": [
              0, 
              12
            ], 
            "id_str": "75050644", 
            "screen_name": "RosieBarton", 
            "name": "Rosemary Barton"
          }, 
          {
            "id": 18652307, 
            "indices": [
              13, 
              25
            ], 
            "id_str": "18652307", 
            "screen_name": "AaronWherry", 
            "name": "Aaron Wherry"
          }, 
          {
            "id": 14260960, 
            "indices": [
              26, 
              40
            ], 
            "id_str": "14260960", 
            "screen_name": "JustinTrudeau", 
            "name": "Justin Trudeau"
          }
        ], 
        "symbols": [], 
        "hashtags": [
          {
            "indices": [
              50, 
              57
            ], 
            "text": "Canada"
          }, 
          {
            "indices": [
              70, 
              80
            ], 
            "text": "marijuana"
          }, 
          {
            "indices": [
              119, 
              129
            ], 
            "text": "CarbonTax"
          }, 
          {
            "indices": [
              130, 
              138
            ], 
            "text": "cdnpoli"
          }
        ], 
        "urls": []
      }, 
      "retweeted": false, 
      "coordinates": null, 
      "source": "<a href=\"http://twitter.com\" rel=\"nofollow\">Twitter Web Client</a>", 
      "in_reply_to_screen_name": "RosieBarton", 
      "id_str": "783285270192001024", 
      "display_text_range": [
        26, 
        138
      ], 
      "retweet_count": 0, 
      "in_reply_to_user_id": 75050644, 
      "favorited": false, 
      "user": {
        "follow_request_sent": null, 
        "profile_use_background_image": true, 
        "default_profile_image": false, 
        "id": 2211860389, 
        "default_profile": true, 
        "verified": false, 
        "profile_image_url_https": "https://pbs.twimg.com/profile_images/517479204670021633/w8FyiyXq_normal.jpeg", 
        "profile_sidebar_fill_color": "DDEEF6", 
        "profile_text_color": "333333", 
        "followers_count": 140, 
        "profile_sidebar_border_color": "C0DEED", 
        "id_str": "2211860389", 
        "profile_background_color": "C0DEED", 
        "listed_count": 37, 
        "profile_background_image_url_https": "https://abs.twimg.com/images/themes/theme1/bg.png", 
        "utc_offset": null, 
        "statuses_count": 8502, 
        "description": "Loves to live, loves family, loves to be involved, loves justice without political correctness, loves freedom, and loves Israel", 
        "friends_count": 156, 
        "location": null, 
        "profile_link_color": "1DA1F2", 
        "profile_image_url": "http://pbs.twimg.com/profile_images/517479204670021633/w8FyiyXq_normal.jpeg", 
        "following": null, 
        "geo_enabled": true, 
        "profile_banner_url": "https://pbs.twimg.com/profile_banners/2211860389/1414642761", 
        "profile_background_image_url": "http://abs.twimg.com/images/themes/theme1/bg.png", 
        "name": "Tiborski2018 20\u05d7\u05d9", 
        "lang": "en", 
        "profile_background_tile": false, 
        "favourites_count": 3621, 
        "screen_name": "TiborskiM6", 
        "notifications": null, 
        "url": null, 
        "created_at": "Sun Nov 24 04:27:29 +0000 2013", 
        "contributors_enabled": false, 
        "time_zone": null, 
        "protected": false, 
        "translator_type": "none", 
        "is_translator": false
      }, 
      "geo": null, 
      "in_reply_to_user_id_str": "75050644", 
      "lang": "en", 
      "matching_rules": [
        {
          "tag": null
        }
      ], 
      "created_at": "Tue Oct 04 12:38:55 +0000 2016", 
      "filter_level": "low", 
      "in_reply_to_status_id_str": "783278231201976320", 
      "place": {
        "country_code": "CA", 
        "url": "https://api.twitter.com/1.1/geo/id/78d9392bd6093265.json", 
        "country": "Canada", 
        "place_type": "city", 
        "bounding_box": {
          "type": "Polygon", 
          "coordinates": [
            [
              [
                -79.711527, 
                43.749761
              ], 
              [
                -79.711527, 
                43.924448
              ], 
              [
                -79.420056, 
                43.924448
              ], 
              [
                -79.420056, 
                43.749761
              ]
            ]
          ]
        }, 
        "full_name": "Vaughan, Ontario", 
        "attributes": {}, 
        "id": "78d9392bd6093265", 
        "name": "Vaughan"
      }
    }, 
    {
      "quote_count": 0, 
      "contributors": null, 
      "truncated": false, 
      "text": "From zoning bylaws to policing, Ottawa prepares for the new world of legal pot https://t.co/vXsqPLSuE3", 
      "is_quote_status": false, 
      "in_reply_to_status_id": null, 
      "reply_count": 0, 
      "id": 783104151081279488, 
      "favorite_count": 0, 
      "source": "<a href=\"https://dlvrit.com/\" rel=\"nofollow\">dlvr.it</a>", 
      "retweeted": false, 
      "coordinates": {
        "type": "Point", 
        "coordinates": [
          -75.69677452, 
          45.41920471
        ]
      }, 
      "entities": {
        "user_mentions": [], 
        "symbols": [], 
        "hashtags": [], 
        "urls": [
          {
            "url": "https://t.co/vXsqPLSuE3", 
            "indices": [
              79, 
              102
            ], 
            "expanded_url": "http://ow.ly/Gst2304OHmn", 
            "display_url": "ow.ly/Gst2304OHmn"
          }
        ]
      }, 
      "in_reply_to_screen_name": null, 
      "id_str": "783104151081279488", 
      "retweet_count": 0, 
      "in_reply_to_user_id": null, 
      "favorited": false, 
      "user": {
        "follow_request_sent": null, 
        "profile_use_background_image": false, 
        "default_profile_image": false, 
        "id": 67972476, 
        "default_profile": false, 
        "verified": false, 
        "profile_image_url_https": "https://pbs.twimg.com/profile_images/667762453573459968/DcvcLxQj_normal.png", 
        "profile_sidebar_fill_color": "FFFFFF", 
        "profile_text_color": "2A2C31", 
        "followers_count": 1728, 
        "profile_sidebar_border_color": "FFFFFF", 
        "id_str": "67972476", 
        "profile_background_color": "FFFFFF", 
        "listed_count": 118, 
        "profile_background_image_url_https": "https://abs.twimg.com/images/themes/theme1/bg.png", 
        "utc_offset": null, 
        "statuses_count": 124477, 
        "description": "Breaking news and weather updates from Ottawa.", 
        "friends_count": 4, 
        "location": "Ottawa, ON", 
        "profile_link_color": "8A1C3B", 
        "profile_image_url": "http://pbs.twimg.com/profile_images/667762453573459968/DcvcLxQj_normal.png", 
        "following": null, 
        "geo_enabled": true, 
        "profile_banner_url": "https://pbs.twimg.com/profile_banners/67972476/1448041969", 
        "profile_background_image_url": "http://abs.twimg.com/images/themes/theme1/bg.png", 
        "name": "Ottawa Now", 
        "lang": "en", 
        "profile_background_tile": false, 
        "favourites_count": 0, 
        "screen_name": "OttawaCP", 
        "notifications": null, 
        "url": "http://toplocalnow.com/canada/ontario/ottawa", 
        "created_at": "Sat Aug 22 20:14:18 +0000 2009", 
        "contributors_enabled": false, 
        "time_zone": null, 
        "protected": false, 
        "translator_type": "none", 
        "is_translator": false
      }, 
      "geo": {
        "type": "Point", 
        "coordinates": [
          45.41920471, 
          -75.69677452
        ]
      }, 
      "in_reply_to_user_id_str": null, 
      "possibly_sensitive": false, 
      "lang": "en", 
      "matching_rules": [
        {
          "tag": null
        }
      ], 
      "created_at": "Tue Oct 04 00:39:13 +0000 2016", 
      "filter_level": "low", 
      "in_reply_to_status_id_str": null, 
      "place": {
        "country_code": "CA", 
        "url": "https://api.twitter.com/1.1/geo/id/38d5974e82ed1a6c.json", 
        "country": "Canada", 
        "place_type": "city", 
        "bounding_box": {
          "type": "Polygon", 
          "coordinates": [
            [
              [
                -76.353876, 
                44.961937
              ], 
              [
                -76.353876, 
                45.535645
              ], 
              [
                -75.246407, 
                45.535645
              ], 
              [
                -75.246407, 
                44.961937
              ]
            ]
          ]
        }, 
        "full_name": "Ottawa, Ontario", 
        "attributes": {}, 
        "id": "38d5974e82ed1a6c", 
        "name": "Ottawa"
      }
    }, 
    {
      "quote_count": 0, 
      "contributors": null, 
      "truncated": false, 
      "text": "Legalizing pot will violate international treaties: What should Canada do? https://t.co/VetzbyWGzu", 
      "is_quote_status": false, 
      "in_reply_to_status_id": null, 
      "reply_count": 0, 
      "id": 783044132428255236, 
      "favorite_count": 0, 
      "source": "<a href=\"http://twitter.com/download/iphone\" rel=\"nofollow\">Twitter for iPhone</a>", 
      "retweeted": false, 
      "coordinates": null, 
      "entities": {
        "user_mentions": [], 
        "symbols": [], 
        "hashtags": [], 
        "urls": [
          {
            "url": "https://t.co/VetzbyWGzu", 
            "indices": [
              75, 
              98
            ], 
            "expanded_url": "http://www.cbc.ca/news/politics/marijuana-legalization-pot-anti-drug-treaties-1.3780661", 
            "display_url": "cbc.ca/news/politics/\u2026"
          }
        ]
      }, 
      "in_reply_to_screen_name": null, 
      "id_str": "783044132428255236", 
      "retweet_count": 0, 
      "in_reply_to_user_id": null, 
      "favorited": false, 
      "user": {
        "follow_request_sent": null, 
        "profile_use_background_image": false, 
        "default_profile_image": false, 
        "id": 85077532, 
        "default_profile": false, 
        "verified": false, 
        "profile_image_url_https": "https://pbs.twimg.com/profile_images/1066466552751579136/S9hAPPZg_normal.jpg", 
        "profile_sidebar_fill_color": "000000", 
        "profile_text_color": "000000", 
        "followers_count": 433, 
        "profile_sidebar_border_color": "000000", 
        "id_str": "85077532", 
        "profile_background_color": "000000", 
        "listed_count": 40, 
        "profile_background_image_url_https": "https://abs.twimg.com/images/themes/theme16/bg.gif", 
        "utc_offset": null, 
        "statuses_count": 39873, 
        "description": "Star Trek fan, avid boater, political junkie, and self-proclaimed funny man. Although,had a dog that would walk away from me with a big sigh as she was annoyed.", 
        "friends_count": 1900, 
        "location": "The third planet from the sun", 
        "profile_link_color": "19CF86", 
        "profile_image_url": "http://pbs.twimg.com/profile_images/1066466552751579136/S9hAPPZg_normal.jpg", 
        "following": null, 
        "geo_enabled": true, 
        "profile_banner_url": "https://pbs.twimg.com/profile_banners/85077532/1543100416", 
        "profile_background_image_url": "http://abs.twimg.com/images/themes/theme16/bg.gif", 
        "name": "Gwynne Johnston", 
        "lang": "en", 
        "profile_background_tile": false, 
        "favourites_count": 3581, 
        "screen_name": "Activeman1701A", 
        "notifications": null, 
        "url": null, 
        "created_at": "Sun Oct 25 13:13:04 +0000 2009", 
        "contributors_enabled": false, 
        "time_zone": null, 
        "protected": false, 
        "translator_type": "none", 
        "is_translator": false
      }, 
      "geo": null, 
      "in_reply_to_user_id_str": null, 
      "possibly_sensitive": false, 
      "lang": "en", 
      "matching_rules": [
        {
          "tag": null
        }
      ], 
      "created_at": "Mon Oct 03 20:40:44 +0000 2016", 
      "filter_level": "low", 
      "in_reply_to_status_id_str": null, 
      "place": {
        "country_code": "CA", 
        "url": "https://api.twitter.com/1.1/geo/id/79f1f6075ccdb553.json", 
        "country": "Canada", 
        "place_type": "city", 
        "bounding_box": {
          "type": "Polygon", 
          "coordinates": [
            [
              [
                -75.647034, 
                44.707692
              ], 
              [
                -75.647034, 
                44.956645
              ], 
              [
                -75.356256, 
                44.956645
              ], 
              [
                -75.356256, 
                44.707692
              ]
            ]
          ]
        }, 
        "full_name": "Edwardsburgh/Cardinal, Ontario", 
        "attributes": {}, 
        "id": "79f1f6075ccdb553", 
        "name": "Edwardsburgh/Cardinal"
      }
    }, 
    {
      "quote_count": 0, 
      "contributors": null, 
      "truncated": false, 
      "text": "Legalizing pot will violate international treaties https://t.co/IZDemP0qBI A total non-issue. I can't believe how much press it has gotten.", 
      "is_quote_status": false, 
      "in_reply_to_status_id": null, 
      "reply_count": 11, 
      "id": 782968982802497538, 
      "favorite_count": 22, 
      "source": "<a href=\"http://twitter.com/download/iphone\" rel=\"nofollow\">Twitter for iPhone</a>", 
      "retweeted": false, 
      "coordinates": null, 
      "entities": {
        "user_mentions": [], 
        "symbols": [], 
        "hashtags": [], 
        "urls": [
          {
            "url": "https://t.co/IZDemP0qBI", 
            "indices": [
              51, 
              74
            ], 
            "expanded_url": "http://www.cbc.ca/news/politics/marijuana-legalization-pot-anti-drug-treaties-1.3780661", 
            "display_url": "cbc.ca/news/politics/\u2026"
          }
        ]
      }, 
      "in_reply_to_screen_name": null, 
      "id_str": "782968982802497538", 
      "retweet_count": 19, 
      "in_reply_to_user_id": null, 
      "favorited": false, 
      "user": {
        "follow_request_sent": null, 
        "profile_use_background_image": true, 
        "default_profile_image": false, 
        "id": 86384980, 
        "default_profile": true, 
        "verified": true, 
        "profile_image_url_https": "https://pbs.twimg.com/profile_images/1013488566024921089/oPsJxJSU_normal.jpg", 
        "profile_sidebar_fill_color": "DDEEF6", 
        "profile_text_color": "333333", 
        "followers_count": 16570, 
        "profile_sidebar_border_color": "C0DEED", 
        "id_str": "86384980", 
        "profile_background_color": "C0DEED", 
        "listed_count": 564, 
        "profile_background_image_url_https": "https://abs.twimg.com/images/themes/theme1/bg.png", 
        "utc_offset": null, 
        "statuses_count": 63049, 
        "description": "Bonjour/hi! Columnist for the National Post: Queen's Park, Toronto, Canada, and beyond the infinite. cselley@nationalpost.com", 
        "friends_count": 1827, 
        "location": "Toronto", 
        "profile_link_color": "1DA1F2", 
        "profile_image_url": "http://pbs.twimg.com/profile_images/1013488566024921089/oPsJxJSU_normal.jpg", 
        "following": null, 
        "geo_enabled": true, 
        "profile_background_image_url": "http://abs.twimg.com/images/themes/theme1/bg.png", 
        "name": "Chris Selley", 
        "lang": "en", 
        "profile_background_tile": false, 
        "favourites_count": 57, 
        "screen_name": "cselley", 
        "notifications": null, 
        "url": "https://twitter.com/cselley", 
        "created_at": "Fri Oct 30 19:57:59 +0000 2009", 
        "contributors_enabled": false, 
        "time_zone": null, 
        "protected": false, 
        "translator_type": "none", 
        "is_translator": false
      }, 
      "geo": null, 
      "in_reply_to_user_id_str": null, 
      "possibly_sensitive": false, 
      "lang": "en", 
      "matching_rules": [
        {
          "tag": null
        }
      ], 
      "created_at": "Mon Oct 03 15:42:07 +0000 2016", 
      "filter_level": "low", 
      "in_reply_to_status_id_str": null, 
      "place": {
        "country_code": "CA", 
        "url": "https://api.twitter.com/1.1/geo/id/3797791ff9c0e4c6.json", 
        "country": "Canada", 
        "place_type": "city", 
        "bounding_box": {
          "type": "Polygon", 
          "coordinates": [
            [
              [
                -79.639319, 
                43.403221
              ], 
              [
                -79.639319, 
                43.855401
              ], 
              [
                -78.90582, 
                43.855401
              ], 
              [
                -78.90582, 
                43.403221
              ]
            ]
          ]
        }, 
        "full_name": "Toronto, Ontario", 
        "attributes": {}, 
        "id": "3797791ff9c0e4c6", 
        "name": "Toronto"
      }
    }, 
    {
      "quote_count": 0, 
      "contributors": null, 
      "truncated": false, 
      "text": "Legalizing pot will violate international treaties: What should Canada do? cdnpoli https://t.co/T4yMJwWIDB", 
      "is_quote_status": false, 
      "in_reply_to_status_id": null, 
      "reply_count": 0, 
      "id": 782951255681314816, 
      "favorite_count": 0, 
      "source": "<a href=\"https://dlvrit.com/\" rel=\"nofollow\">dlvr.it</a>", 
      "retweeted": false, 
      "coordinates": {
        "type": "Point", 
        "coordinates": [
          -75.69677452, 
          45.41920471
        ]
      }, 
      "entities": {
        "user_mentions": [], 
        "symbols": [], 
        "hashtags": [], 
        "urls": [
          {
            "url": "https://t.co/T4yMJwWIDB", 
            "indices": [
              83, 
              106
            ], 
            "expanded_url": "http://cbc.ca/1.3780661", 
            "display_url": "cbc.ca/1.3780661"
          }
        ]
      }, 
      "in_reply_to_screen_name": null, 
      "id_str": "782951255681314816", 
      "retweet_count": 0, 
      "in_reply_to_user_id": null, 
      "favorited": false, 
      "user": {
        "follow_request_sent": null, 
        "profile_use_background_image": false, 
        "default_profile_image": false, 
        "id": 67972476, 
        "default_profile": false, 
        "verified": false, 
        "profile_image_url_https": "https://pbs.twimg.com/profile_images/667762453573459968/DcvcLxQj_normal.png", 
        "profile_sidebar_fill_color": "FFFFFF", 
        "profile_text_color": "2A2C31", 
        "followers_count": 1728, 
        "profile_sidebar_border_color": "FFFFFF", 
        "id_str": "67972476", 
        "profile_background_color": "FFFFFF", 
        "listed_count": 118, 
        "profile_background_image_url_https": "https://abs.twimg.com/images/themes/theme1/bg.png", 
        "utc_offset": null, 
        "statuses_count": 124477, 
        "description": "Breaking news and weather updates from Ottawa.", 
        "friends_count": 4, 
        "location": "Ottawa, ON", 
        "profile_link_color": "8A1C3B", 
        "profile_image_url": "http://pbs.twimg.com/profile_images/667762453573459968/DcvcLxQj_normal.png", 
        "following": null, 
        "geo_enabled": true, 
        "profile_banner_url": "https://pbs.twimg.com/profile_banners/67972476/1448041969", 
        "profile_background_image_url": "http://abs.twimg.com/images/themes/theme1/bg.png", 
        "name": "Ottawa Now", 
        "lang": "en", 
        "profile_background_tile": false, 
        "favourites_count": 0, 
        "screen_name": "OttawaCP", 
        "notifications": null, 
        "url": "http://toplocalnow.com/canada/ontario/ottawa", 
        "created_at": "Sat Aug 22 20:14:18 +0000 2009", 
        "contributors_enabled": false, 
        "time_zone": null, 
        "protected": false, 
        "translator_type": "none", 
        "is_translator": false
      }, 
      "geo": {
        "type": "Point", 
        "coordinates": [
          45.41920471, 
          -75.69677452
        ]
      }, 
      "in_reply_to_user_id_str": null, 
      "possibly_sensitive": false, 
      "lang": "en", 
      "matching_rules": [
        {
          "tag": null
        }
      ], 
      "created_at": "Mon Oct 03 14:31:40 +0000 2016", 
      "filter_level": "low", 
      "in_reply_to_status_id_str": null, 
      "place": {
        "country_code": "CA", 
        "url": "https://api.twitter.com/1.1/geo/id/38d5974e82ed1a6c.json", 
        "country": "Canada", 
        "place_type": "city", 
        "bounding_box": {
          "type": "Polygon", 
          "coordinates": [
            [
              [
                -76.353876, 
                44.961937
              ], 
              [
                -76.353876, 
                45.535645
              ], 
              [
                -75.246407, 
                45.535645
              ], 
              [
                -75.246407, 
                44.961937
              ]
            ]
          ]
        }, 
        "full_name": "Ottawa, Ontario", 
        "attributes": {}, 
        "id": "38d5974e82ed1a6c", 
        "name": "Ottawa"
      }
    }, 
    {
      "quote_count": 0, 
      "contributors": null, 
      "truncated": false, 
      "text": "New @CBCNews article interviewing me on what Canada should do about international drug control treaties @uocommonlaw https://t.co/lIfAQ8011U", 
      "is_quote_status": false, 
      "in_reply_to_status_id": null, 
      "reply_count": 1, 
      "id": 782890351296180224, 
      "favorite_count": 5, 
      "source": "<a href=\"http://twitter.com/download/iphone\" rel=\"nofollow\">Twitter for iPhone</a>", 
      "retweeted": false, 
      "coordinates": null, 
      "entities": {
        "user_mentions": [
          {
            "id": 6433472, 
            "indices": [
              4, 
              12
            ], 
            "id_str": "6433472", 
            "screen_name": "CBCNews", 
            "name": "CBC News"
          }, 
          {
            "id": 773787228, 
            "indices": [
              104, 
              116
            ], 
            "id_str": "773787228", 
            "screen_name": "uocommonlaw", 
            "name": "uOttawa | Common Law"
          }
        ], 
        "symbols": [], 
        "hashtags": [], 
        "urls": [
          {
            "url": "https://t.co/lIfAQ8011U", 
            "indices": [
              117, 
              140
            ], 
            "expanded_url": "http://www.cbc.ca/news/politics/marijuana-legalization-pot-anti-drug-treaties-1.3780661", 
            "display_url": "cbc.ca/news/politics/\u2026"
          }
        ]
      }, 
      "in_reply_to_screen_name": null, 
      "id_str": "782890351296180224", 
      "retweet_count": 9, 
      "in_reply_to_user_id": null, 
      "favorited": false, 
      "user": {
        "follow_request_sent": null, 
        "profile_use_background_image": true, 
        "default_profile_image": false, 
        "id": 334301531, 
        "default_profile": true, 
        "verified": false, 
        "profile_image_url_https": "https://pbs.twimg.com/profile_images/609055249039507456/M55mNYpJ_normal.jpg", 
        "profile_sidebar_fill_color": "DDEEF6", 
        "profile_text_color": "333333", 
        "followers_count": 2426, 
        "profile_sidebar_border_color": "C0DEED", 
        "id_str": "334301531", 
        "profile_background_color": "C0DEED", 
        "listed_count": 84, 
        "profile_background_image_url_https": "https://abs.twimg.com/images/themes/theme1/bg.png", 
        "utc_offset": null, 
        "statuses_count": 3761, 
        "description": "Professor @YorkUHealth @OsgoodeNews @Harvard & @McMasterU, Director @gstrategylab, and Scientific Director @CIHR_IRSC Institute of Population & Public Health", 
        "friends_count": 589, 
        "location": "Toronto, Ontario", 
        "profile_link_color": "1DA1F2", 
        "profile_image_url": "http://pbs.twimg.com/profile_images/609055249039507456/M55mNYpJ_normal.jpg", 
        "following": null, 
        "geo_enabled": true, 
        "profile_banner_url": "https://pbs.twimg.com/profile_banners/334301531/1403472208", 
        "profile_background_image_url": "http://abs.twimg.com/images/themes/theme1/bg.png", 
        "name": "Steven J. Hoffman", 
        "lang": "en", 
        "profile_background_tile": false, 
        "favourites_count": 46, 
        "screen_name": "shoffmania", 
        "notifications": null, 
        "url": "http://www.stevenhoffman.ca", 
        "created_at": "Tue Jul 12 21:50:01 +0000 2011", 
        "contributors_enabled": false, 
        "time_zone": null, 
        "protected": false, 
        "translator_type": "none", 
        "is_translator": false
      }, 
      "geo": null, 
      "in_reply_to_user_id_str": null, 
      "possibly_sensitive": false, 
      "lang": "en", 
      "matching_rules": [
        {
          "tag": null
        }
      ], 
      "created_at": "Mon Oct 03 10:29:39 +0000 2016", 
      "filter_level": "low", 
      "in_reply_to_status_id_str": null, 
      "place": {
        "country_code": "CA", 
        "url": "https://api.twitter.com/1.1/geo/id/7d2673c3623fe492.json", 
        "country": "Canada", 
        "place_type": "city", 
        "bounding_box": {
          "type": "Polygon", 
          "coordinates": [
            [
              [
                -79.429128, 
                43.798004
              ], 
              [
                -79.429128, 
                43.963385
              ], 
              [
                -79.170217, 
                43.963385
              ], 
              [
                -79.170217, 
                43.798004
              ]
            ]
          ]
        }, 
        "full_name": "Markham, Ontario", 
        "attributes": {}, 
        "id": "7d2673c3623fe492", 
        "name": "Markham"
      }
    }, 
    {
      "quote_count": 0, 
      "contributors": null, 
      "truncated": false, 
      "text": "@JustinTrudeau yo if you legalize weed can we start growing hemp fields rather than trees?? Look it up it good. Thanks dad", 
      "is_quote_status": false, 
      "in_reply_to_status_id": null, 
      "reply_count": 0, 
      "id": 782646317747142656, 
      "favorite_count": 0, 
      "source": "<a href=\"http://twitter.com/download/android\" rel=\"nofollow\">Twitter for Android</a>", 
      "retweeted": false, 
      "coordinates": null, 
      "entities": {
        "user_mentions": [
          {
            "id": 14260960, 
            "indices": [
              0, 
              14
            ], 
            "id_str": "14260960", 
            "screen_name": "JustinTrudeau", 
            "name": "Justin Trudeau"
          }
        ], 
        "symbols": [], 
        "hashtags": [], 
        "urls": []
      }, 
      "in_reply_to_screen_name": "JustinTrudeau", 
      "id_str": "782646317747142656", 
      "retweet_count": 0, 
      "in_reply_to_user_id": 14260960, 
      "favorited": false, 
      "user": {
        "follow_request_sent": null, 
        "profile_use_background_image": true, 
        "default_profile_image": false, 
        "id": 768273376762818560, 
        "default_profile": true, 
        "verified": false, 
        "profile_image_url_https": "https://pbs.twimg.com/profile_images/985647688778629120/SWjC_743_normal.jpg", 
        "profile_sidebar_fill_color": "DDEEF6", 
        "profile_text_color": "333333", 
        "followers_count": 48, 
        "profile_sidebar_border_color": "C0DEED", 
        "id_str": "768273376762818560", 
        "profile_background_color": "F5F8FA", 
        "listed_count": 4, 
        "profile_background_image_url_https": "", 
        "utc_offset": null, 
        "statuses_count": 890, 
        "description": null, 
        "friends_count": 163, 
        "location": null, 
        "profile_link_color": "1DA1F2", 
        "profile_image_url": "http://pbs.twimg.com/profile_images/985647688778629120/SWjC_743_normal.jpg", 
        "following": null, 
        "geo_enabled": true, 
        "profile_banner_url": "https://pbs.twimg.com/profile_banners/768273376762818560/1472006332", 
        "profile_background_image_url": "", 
        "name": "mG", 
        "lang": "en", 
        "profile_background_tile": false, 
        "favourites_count": 6287, 
        "screen_name": "MahiganGiroux", 
        "notifications": null, 
        "url": null, 
        "created_at": "Wed Aug 24 02:27:01 +0000 2016", 
        "contributors_enabled": false, 
        "time_zone": null, 
        "protected": false, 
        "translator_type": "none", 
        "is_translator": false
      }, 
      "geo": null, 
      "in_reply_to_user_id_str": "14260960", 
      "lang": "en", 
      "matching_rules": [
        {
          "tag": null
        }
      ], 
      "created_at": "Sun Oct 02 18:19:57 +0000 2016", 
      "filter_level": "low", 
      "in_reply_to_status_id_str": null, 
      "place": {
        "country_code": "CA", 
        "url": "https://api.twitter.com/1.1/geo/id/38d5974e82ed1a6c.json", 
        "country": "Canada", 
        "place_type": "city", 
        "bounding_box": {
          "type": "Polygon", 
          "coordinates": [
            [
              [
                -76.353876, 
                44.961937
              ], 
              [
                -76.353876, 
                45.535645
              ], 
              [
                -75.246407, 
                45.535645
              ], 
              [
                -75.246407, 
                44.961937
              ]
            ]
          ]
        }, 
        "full_name": "Ottawa, Ontario", 
        "attributes": {}, 
        "id": "38d5974e82ed1a6c", 
        "name": "Ottawa"
      }
    }, 
    {
      "quote_count": 0, 
      "contributors": null, 
      "truncated": false, 
      "text": "@billmaher @HillaryClinton either she needs to promise legal weed, or people just hate diplomats and people who outsmart them #murica", 
      "is_quote_status": false, 
      "in_reply_to_status_id": 782416972654923776, 
      "reply_count": 0, 
      "id": 782441080960626688, 
      "favorite_count": 0, 
      "entities": {
        "user_mentions": [
          {
            "id": 19697415, 
            "indices": [
              0, 
              10
            ], 
            "id_str": "19697415", 
            "screen_name": "billmaher", 
            "name": "Bill Maher"
          }, 
          {
            "id": 1339835893, 
            "indices": [
              11, 
              26
            ], 
            "id_str": "1339835893", 
            "screen_name": "HillaryClinton", 
            "name": "Hillary Clinton"
          }
        ], 
        "symbols": [], 
        "hashtags": [
          {
            "indices": [
              126, 
              133
            ], 
            "text": "murica"
          }
        ], 
        "urls": []
      }, 
      "retweeted": false, 
      "coordinates": null, 
      "source": "<a href=\"http://twitter.com/download/android\" rel=\"nofollow\">Twitter for Android</a>", 
      "in_reply_to_screen_name": "billmaher", 
      "id_str": "782441080960626688", 
      "display_text_range": [
        27, 
        133
      ], 
      "retweet_count": 0, 
      "in_reply_to_user_id": 19697415, 
      "favorited": false, 
      "user": {
        "follow_request_sent": null, 
        "profile_use_background_image": false, 
        "default_profile_image": false, 
        "id": 19088231, 
        "default_profile": false, 
        "verified": false, 
        "profile_image_url_https": "https://pbs.twimg.com/profile_images/573182743808385024/0iKA_Nvh_normal.png", 
        "profile_sidebar_fill_color": "000000", 
        "profile_text_color": "000000", 
        "followers_count": 637, 
        "profile_sidebar_border_color": "000000", 
        "id_str": "19088231", 
        "profile_background_color": "000000", 
        "listed_count": 61, 
        "profile_background_image_url_https": "https://abs.twimg.com/images/themes/theme12/bg.gif", 
        "utc_offset": null, 
        "statuses_count": 28766, 
        "description": "Vancouverite. Whitecaps FC supporter. Southsider. Tech support geek. Likes photography, kilts, and video games.", 
        "friends_count": 2023, 
        "location": "Burnaby, Canada", 
        "profile_link_color": "1D0669", 
        "profile_image_url": "http://pbs.twimg.com/profile_images/573182743808385024/0iKA_Nvh_normal.png", 
        "following": null, 
        "geo_enabled": true, 
        "profile_banner_url": "https://pbs.twimg.com/profile_banners/19088231/1519219072", 
        "profile_background_image_url": "http://abs.twimg.com/images/themes/theme12/bg.gif", 
        "name": "Iain Allan", 
        "lang": "en", 
        "profile_background_tile": false, 
        "favourites_count": 6590, 
        "screen_name": "evilbert86", 
        "notifications": null, 
        "url": "https://www.facebook.com/iain.allan.77", 
        "created_at": "Fri Jan 16 22:14:45 +0000 2009", 
        "contributors_enabled": false, 
        "time_zone": null, 
        "protected": false, 
        "translator_type": "none", 
        "is_translator": false
      }, 
      "geo": null, 
      "in_reply_to_user_id_str": "19697415", 
      "lang": "en", 
      "matching_rules": [
        {
          "tag": null
        }
      ], 
      "created_at": "Sun Oct 02 04:44:25 +0000 2016", 
      "filter_level": "low", 
      "in_reply_to_status_id_str": "782416972654923776", 
      "place": {
        "country_code": "CA", 
        "url": "https://api.twitter.com/1.1/geo/id/5147516179fa9c13.json", 
        "country": "Canada", 
        "place_type": "city", 
        "bounding_box": {
          "type": "Polygon", 
          "coordinates": [
            [
              [
                -123.024209, 
                49.180153
              ], 
              [
                -123.024209, 
                49.299154
              ], 
              [
                -122.892479, 
                49.299154
              ], 
              [
                -122.892479, 
                49.180153
              ]
            ]
          ]
        }, 
        "full_name": "Burnaby, British Columbia", 
        "attributes": {}, 
        "id": "5147516179fa9c13", 
        "name": "Burnaby"
      }
    }
  ], 
  "requestParameters": {
    "toDate": "201611010000", 
    "fromDate": "201610010000", 
    "maxResults": 100
  }
}