{
  "results": [
    {
      "quote_count": 0, 
      "contributors": null, 
      "truncated": false, 
      "text": "Good to see proactive vs reactive.  Everyone is going to be busy once the new legal framework comes out. https://t.co/zYjdnP2EZg", 
      "is_quote_status": false, 
      "in_reply_to_status_id": null, 
      "reply_count": 0, 
      "id": 717081860367495168, 
      "favorite_count": 1, 
      "source": "<a href=\"http://twitter.com\" rel=\"nofollow\">Twitter Web Client</a>", 
      "retweeted": false, 
      "coordinates": null, 
      "entities": {
        "user_mentions": [], 
        "symbols": [], 
        "hashtags": [], 
        "urls": [
          {
            "url": "https://t.co/zYjdnP2EZg", 
            "indices": [
              105, 
              128
            ], 
            "expanded_url": "http://bit.ly/1MOwDw8", 
            "display_url": "bit.ly/1MOwDw8"
          }
        ]
      }, 
      "in_reply_to_screen_name": null, 
      "id_str": "717081860367495168", 
      "retweet_count": 0, 
      "in_reply_to_user_id": null, 
      "favorited": false, 
      "user": {
        "follow_request_sent": null, 
        "profile_use_background_image": true, 
        "default_profile_image": false, 
        "id": 2435622002, 
        "default_profile": false, 
        "verified": false, 
        "profile_image_url_https": "https://pbs.twimg.com/profile_images/1016775372124274688/HFv5DoQJ_normal.jpg", 
        "profile_sidebar_fill_color": "DDEEF6", 
        "profile_text_color": "333333", 
        "followers_count": 1620, 
        "profile_sidebar_border_color": "C0DEED", 
        "id_str": "2435622002", 
        "profile_background_color": "C0DEED", 
        "listed_count": 28, 
        "profile_background_image_url_https": "https://abs.twimg.com/images/themes/theme1/bg.png", 
        "utc_offset": null, 
        "statuses_count": 617, 
        "description": "Wildflower Brands is a plant-based wellness company headquartered in Vancouver building reputable brands and quality products.", 
        "friends_count": 1283, 
        "location": "Vancouver, BC", 
        "profile_link_color": "ABB8C2", 
        "profile_image_url": "http://pbs.twimg.com/profile_images/1016775372124274688/HFv5DoQJ_normal.jpg", 
        "following": null, 
        "geo_enabled": true, 
        "profile_banner_url": "https://pbs.twimg.com/profile_banners/2435622002/1531252954", 
        "profile_background_image_url": "http://abs.twimg.com/images/themes/theme1/bg.png", 
        "name": "Wildflower Brands Inc.", 
        "lang": "en", 
        "profile_background_tile": false, 
        "favourites_count": 103, 
        "screen_name": "WildflowerCanna", 
        "notifications": null, 
        "url": "http://www.wildflowerbrands.co", 
        "created_at": "Wed Apr 09 15:37:18 +0000 2014", 
        "contributors_enabled": false, 
        "time_zone": null, 
        "protected": false, 
        "translator_type": "none", 
        "is_translator": false
      }, 
      "geo": null, 
      "in_reply_to_user_id_str": null, 
      "possibly_sensitive": false, 
      "lang": "en", 
      "matching_rules": [
        {
          "tag": null
        }
      ], 
      "created_at": "Mon Apr 04 20:10:12 +0000 2016", 
      "filter_level": "low", 
      "in_reply_to_status_id_str": null, 
      "place": {
        "country_code": "CA", 
        "url": "https://api.twitter.com/1.1/geo/id/1e5cb4d0509db554.json", 
        "country": "Canada", 
        "place_type": "city", 
        "bounding_box": {
          "type": "Polygon", 
          "coordinates": [
            [
              [
                -123.224215, 
                49.19854
              ], 
              [
                -123.224215, 
                49.316738
              ], 
              [
                -123.022947, 
                49.316738
              ], 
              [
                -123.022947, 
                49.19854
              ]
            ]
          ]
        }, 
        "full_name": "Vancouver, British Columbia", 
        "attributes": {}, 
        "id": "1e5cb4d0509db554", 
        "name": "Vancouver"
      }
    }, 
    {
      "quote_count": 0, 
      "contributors": null, 
      "truncated": false, 
      "text": "When people vote for legal weed and don't realize that means shittier product and higher prices. \n#JustLiberalThings", 
      "is_quote_status": false, 
      "in_reply_to_status_id": null, 
      "reply_count": 0, 
      "id": 716572550541631489, 
      "favorite_count": 1, 
      "source": "<a href=\"http://twitter.com\" rel=\"nofollow\">Twitter Web Client</a>", 
      "retweeted": false, 
      "coordinates": null, 
      "entities": {
        "user_mentions": [], 
        "symbols": [], 
        "hashtags": [
          {
            "indices": [
              98, 
              116
            ], 
            "text": "JustLiberalThings"
          }
        ], 
        "urls": []
      }, 
      "in_reply_to_screen_name": null, 
      "id_str": "716572550541631489", 
      "retweet_count": 0, 
      "in_reply_to_user_id": null, 
      "favorited": false, 
      "user": {
        "follow_request_sent": null, 
        "profile_use_background_image": true, 
        "default_profile_image": false, 
        "id": 95150738, 
        "default_profile": false, 
        "verified": false, 
        "profile_image_url_https": "https://pbs.twimg.com/profile_images/1045441859244384256/g5JBbvl-_normal.jpg", 
        "profile_sidebar_fill_color": "DDEEF6", 
        "profile_text_color": "333333", 
        "followers_count": 106, 
        "profile_sidebar_border_color": "FFFFFF", 
        "id_str": "95150738", 
        "profile_background_color": "C0DEED", 
        "listed_count": 4, 
        "profile_background_image_url_https": "https://abs.twimg.com/images/themes/theme1/bg.png", 
        "utc_offset": null, 
        "statuses_count": 2303, 
        "description": "Hi, I'm Lucy from Vancouver British Columbia. I'm a Centre-left Social Democrat Labour activist who opposes mass immigration is a strong free speech activist.", 
        "friends_count": 476, 
        "location": "Vancouver, BC, Canada", 
        "profile_link_color": "ABB8C2", 
        "profile_image_url": "http://pbs.twimg.com/profile_images/1045441859244384256/g5JBbvl-_normal.jpg", 
        "following": null, 
        "geo_enabled": true, 
        "profile_banner_url": "https://pbs.twimg.com/profile_banners/95150738/1519523707", 
        "profile_background_image_url": "http://abs.twimg.com/images/themes/theme1/bg.png", 
        "name": "\u30eb\u30fc\u30b7\u30fc\u30fb\u30b1\u30fc\u30b7\u30fc", 
        "lang": "en", 
        "profile_background_tile": true, 
        "favourites_count": 4361, 
        "screen_name": "LucyEveCasey", 
        "notifications": null, 
        "url": null, 
        "created_at": "Mon Dec 07 06:37:42 +0000 2009", 
        "contributors_enabled": false, 
        "time_zone": null, 
        "protected": false, 
        "translator_type": "none", 
        "is_translator": false
      }, 
      "geo": null, 
      "in_reply_to_user_id_str": null, 
      "lang": "en", 
      "matching_rules": [
        {
          "tag": null
        }
      ], 
      "created_at": "Sun Apr 03 10:26:23 +0000 2016", 
      "filter_level": "low", 
      "in_reply_to_status_id_str": null, 
      "place": {
        "country_code": "CA", 
        "url": "https://api.twitter.com/1.1/geo/id/1e5cb4d0509db554.json", 
        "country": "Canada", 
        "place_type": "city", 
        "bounding_box": {
          "type": "Polygon", 
          "coordinates": [
            [
              [
                -123.224215, 
                49.19854
              ], 
              [
                -123.224215, 
                49.316738
              ], 
              [
                -123.022947, 
                49.316738
              ], 
              [
                -123.022947, 
                49.19854
              ]
            ]
          ]
        }, 
        "full_name": "Vancouver, British Columbia", 
        "attributes": {}, 
        "id": "1e5cb4d0509db554", 
        "name": "Vancouver"
      }
    }, 
    {
      "quote_count": 0, 
      "contributors": null, 
      "truncated": false, 
      "text": "@RCMPAlberta I live in St. Albert, is there any way it's legal for someone to be smoking marijuana on the balcony below mine? Not happy...", 
      "is_quote_status": false, 
      "in_reply_to_status_id": null, 
      "reply_count": 0, 
      "id": 716274837941923840, 
      "favorite_count": 0, 
      "source": "<a href=\"http://twitter.com\" rel=\"nofollow\">Twitter Web Client</a>", 
      "retweeted": false, 
      "coordinates": null, 
      "entities": {
        "user_mentions": [
          {
            "id": 2535425082, 
            "indices": [
              0, 
              12
            ], 
            "id_str": "2535425082", 
            "screen_name": "RCMPAlberta", 
            "name": "RCMP Alberta"
          }
        ], 
        "symbols": [], 
        "hashtags": [], 
        "urls": []
      }, 
      "in_reply_to_screen_name": "RCMPAlberta", 
      "id_str": "716274837941923840", 
      "retweet_count": 0, 
      "in_reply_to_user_id": 2535425082, 
      "favorited": false, 
      "user": {
        "follow_request_sent": null, 
        "profile_use_background_image": true, 
        "default_profile_image": false, 
        "id": 3958622472, 
        "default_profile": true, 
        "verified": false, 
        "profile_image_url_https": "https://pbs.twimg.com/profile_images/990288819550236672/5fquQpZg_normal.jpg", 
        "profile_sidebar_fill_color": "DDEEF6", 
        "profile_text_color": "333333", 
        "followers_count": 622, 
        "profile_sidebar_border_color": "C0DEED", 
        "id_str": "3958622472", 
        "profile_background_color": "C0DEED", 
        "listed_count": 60, 
        "profile_background_image_url_https": "https://abs.twimg.com/images/themes/theme1/bg.png", 
        "utc_offset": null, 
        "statuses_count": 1095, 
        "description": "Co-founder of Syntec Business Systems Inc., developers of Insight Salon & Spa Software.    -    Amateur photographer #stalbert #t8n #yeg #photography", 
        "friends_count": 318, 
        "location": "St. Albert, Alberta", 
        "profile_link_color": "1DA1F2", 
        "profile_image_url": "http://pbs.twimg.com/profile_images/990288819550236672/5fquQpZg_normal.jpg", 
        "following": null, 
        "geo_enabled": true, 
        "profile_banner_url": "https://pbs.twimg.com/profile_banners/3958622472/1453342839", 
        "profile_background_image_url": "http://abs.twimg.com/images/themes/theme1/bg.png", 
        "name": "Steve Boer", 
        "lang": "en", 
        "profile_background_tile": false, 
        "favourites_count": 2250, 
        "screen_name": "stevejboer", 
        "notifications": null, 
        "url": "http://www.steveboer.com/", 
        "created_at": "Tue Oct 20 14:03:49 +0000 2015", 
        "contributors_enabled": false, 
        "time_zone": null, 
        "protected": false, 
        "translator_type": "none", 
        "is_translator": false
      }, 
      "geo": null, 
      "in_reply_to_user_id_str": "2535425082", 
      "lang": "en", 
      "matching_rules": [
        {
          "tag": null
        }
      ], 
      "created_at": "Sat Apr 02 14:43:23 +0000 2016", 
      "filter_level": "low", 
      "in_reply_to_status_id_str": null, 
      "place": {
        "country_code": "CA", 
        "url": "https://api.twitter.com/1.1/geo/id/56316c24480c1a3a.json", 
        "country": "Canada", 
        "place_type": "city", 
        "bounding_box": {
          "type": "Polygon", 
          "coordinates": [
            [
              [
                -113.707088, 
                53.599415
              ], 
              [
                -113.707088, 
                53.681859
              ], 
              [
                -113.565747, 
                53.681859
              ], 
              [
                -113.565747, 
                53.599415
              ]
            ]
          ]
        }, 
        "full_name": "St. Albert, Alberta", 
        "attributes": {}, 
        "id": "56316c24480c1a3a", 
        "name": "St. Albert"
      }
    }, 
    {
      "quote_count": 0, 
      "contributors": null, 
      "truncated": false, 
      "text": "@theScore it fucking brilliant! Money shouldn't be a problem. Welcome to the world of legalize pot.", 
      "is_quote_status": false, 
      "in_reply_to_status_id": 716253767734280192, 
      "reply_count": 0, 
      "id": 716273383650889729, 
      "favorite_count": 1, 
      "source": "<a href=\"http://twitter.com/download/iphone\" rel=\"nofollow\">Twitter for iPhone</a>", 
      "retweeted": false, 
      "coordinates": null, 
      "entities": {
        "user_mentions": [
          {
            "id": 15256225, 
            "indices": [
              0, 
              9
            ], 
            "id_str": "15256225", 
            "screen_name": "theScore", 
            "name": "theScore"
          }
        ], 
        "symbols": [], 
        "hashtags": [], 
        "urls": []
      }, 
      "in_reply_to_screen_name": "theScore", 
      "id_str": "716273383650889729", 
      "retweet_count": 0, 
      "in_reply_to_user_id": 15256225, 
      "favorited": false, 
      "user": {
        "follow_request_sent": null, 
        "profile_use_background_image": true, 
        "default_profile_image": false, 
        "id": 250731720, 
        "default_profile": true, 
        "verified": false, 
        "profile_image_url_https": "https://pbs.twimg.com/profile_images/901809366822682628/bj5GlkCe_normal.jpg", 
        "profile_sidebar_fill_color": "DDEEF6", 
        "profile_text_color": "333333", 
        "followers_count": 699, 
        "profile_sidebar_border_color": "C0DEED", 
        "id_str": "250731720", 
        "profile_background_color": "C0DEED", 
        "listed_count": 61, 
        "profile_background_image_url_https": "https://abs.twimg.com/images/themes/theme1/bg.png", 
        "utc_offset": null, 
        "statuses_count": 45976, 
        "description": null, 
        "friends_count": 1853, 
        "location": "Midland Ontario Canada", 
        "profile_link_color": "1DA1F2", 
        "profile_image_url": "http://pbs.twimg.com/profile_images/901809366822682628/bj5GlkCe_normal.jpg", 
        "following": null, 
        "geo_enabled": true, 
        "profile_banner_url": "https://pbs.twimg.com/profile_banners/250731720/1499751133", 
        "profile_background_image_url": "http://abs.twimg.com/images/themes/theme1/bg.png", 
        "name": "Patrick Wong", 
        "lang": "en", 
        "profile_background_tile": false, 
        "favourites_count": 58168, 
        "screen_name": "nightfly4257", 
        "notifications": null, 
        "url": null, 
        "created_at": "Fri Feb 11 17:53:54 +0000 2011", 
        "contributors_enabled": false, 
        "time_zone": null, 
        "protected": false, 
        "translator_type": "none", 
        "is_translator": false
      }, 
      "geo": null, 
      "in_reply_to_user_id_str": "15256225", 
      "lang": "en", 
      "matching_rules": [
        {
          "tag": null
        }
      ], 
      "created_at": "Sat Apr 02 14:37:37 +0000 2016", 
      "filter_level": "low", 
      "in_reply_to_status_id_str": "716253767734280192", 
      "place": {
        "country_code": "CA", 
        "url": "https://api.twitter.com/1.1/geo/id/6a7696c1834ca7d4.json", 
        "country": "Canada", 
        "place_type": "city", 
        "bounding_box": {
          "type": "Polygon", 
          "coordinates": [
            [
              [
                -79.881825, 
                44.632581
              ], 
              [
                -79.881825, 
                44.801925
              ], 
              [
                -79.666253, 
                44.801925
              ], 
              [
                -79.666253, 
                44.632581
              ]
            ]
          ]
        }, 
        "full_name": "Tay, Ontario", 
        "attributes": {}, 
        "id": "6a7696c1834ca7d4", 
        "name": "Tay"
      }
    }, 
    {
      "quote_count": 0, 
      "contributors": null, 
      "truncated": false, 
      "text": "@CannabisInCan I think the Canadian gov has been secretly asked to wait for the end of the 2016 us election to legalize cannabis.", 
      "is_quote_status": false, 
      "in_reply_to_status_id": 716072002226950145, 
      "reply_count": 0, 
      "id": 716096438694969344, 
      "favorite_count": 0, 
      "source": "<a href=\"http://twitter.com/download/iphone\" rel=\"nofollow\">Twitter for iPhone</a>", 
      "retweeted": false, 
      "coordinates": null, 
      "entities": {
        "user_mentions": [], 
        "symbols": [], 
        "hashtags": [], 
        "urls": []
      }, 
      "in_reply_to_screen_name": "CannaLifeNet", 
      "id_str": "716096438694969344", 
      "retweet_count": 0, 
      "in_reply_to_user_id": 2660714671, 
      "favorited": false, 
      "user": {
        "follow_request_sent": null, 
        "profile_use_background_image": false, 
        "default_profile_image": false, 
        "id": 93780989, 
        "default_profile": false, 
        "verified": false, 
        "profile_image_url_https": "https://pbs.twimg.com/profile_images/913046924990844933/rasZHqVa_normal.jpg", 
        "profile_sidebar_fill_color": "000000", 
        "profile_text_color": "000000", 
        "followers_count": 288, 
        "profile_sidebar_border_color": "000000", 
        "id_str": "93780989", 
        "profile_background_color": "000000", 
        "listed_count": 13, 
        "profile_background_image_url_https": "https://abs.twimg.com/images/themes/theme5/bg.gif", 
        "utc_offset": null, 
        "statuses_count": 2990, 
        "description": "Multi-disciplinarian \ud83c\udfb8 \ud83c\udfa4 \ud83c\udfa5 \ud83c\udfac Centrist \u2696\ufe0f Humanist \ud83c\udf0f", 
        "friends_count": 535, 
        "location": "Toronto ON \ud83c\udde8\ud83c\udde6", 
        "profile_link_color": "981CEB", 
        "profile_image_url": "http://pbs.twimg.com/profile_images/913046924990844933/rasZHqVa_normal.jpg", 
        "following": null, 
        "geo_enabled": true, 
        "profile_banner_url": "https://pbs.twimg.com/profile_banners/93780989/1414272224", 
        "profile_background_image_url": "http://abs.twimg.com/images/themes/theme5/bg.gif", 
        "name": "Matthew McAuley", 
        "lang": "en", 
        "profile_background_tile": false, 
        "favourites_count": 7152, 
        "screen_name": "matthewlmcauley", 
        "notifications": null, 
        "url": null, 
        "created_at": "Tue Dec 01 03:36:33 +0000 2009", 
        "contributors_enabled": false, 
        "time_zone": null, 
        "protected": false, 
        "translator_type": "none", 
        "is_translator": false
      }, 
      "geo": null, 
      "in_reply_to_user_id_str": "2660714671", 
      "lang": "en", 
      "matching_rules": [
        {
          "tag": null
        }
      ], 
      "created_at": "Sat Apr 02 02:54:30 +0000 2016", 
      "filter_level": "low", 
      "in_reply_to_status_id_str": "716072002226950145", 
      "place": {
        "country_code": "CA", 
        "url": "https://api.twitter.com/1.1/geo/id/36775d842cbec509.json", 
        "country": "Canada", 
        "place_type": "city", 
        "bounding_box": {
          "type": "Polygon", 
          "coordinates": [
            [
              [
                -73.972965, 
                45.410095
              ], 
              [
                -73.972965, 
                45.705566
              ], 
              [
                -73.473085, 
                45.705566
              ], 
              [
                -73.473085, 
                45.410095
              ]
            ]
          ]
        }, 
        "full_name": "Montr\u00e9al, Qu\u00e9bec", 
        "attributes": {}, 
        "id": "36775d842cbec509", 
        "name": "Montr\u00e9al"
      }
    }, 
    {
      "quote_count": 0, 
      "contributors": null, 
      "truncated": false, 
      "text": "I'm gonna see Paul McCartney on 4/20 in a city where weed is pretty much legal; it doesn't get any better than that \ud83d\ude0d\ud83d\ude2d\ud83d\udd25\ud83d\ude4f\ud83d\udcaf", 
      "is_quote_status": false, 
      "in_reply_to_status_id": null, 
      "reply_count": 0, 
      "id": 715778927214661632, 
      "favorite_count": 1, 
      "source": "<a href=\"http://twitter.com/download/iphone\" rel=\"nofollow\">Twitter for iPhone</a>", 
      "retweeted": false, 
      "coordinates": null, 
      "entities": {
        "user_mentions": [], 
        "symbols": [], 
        "hashtags": [], 
        "urls": []
      }, 
      "in_reply_to_screen_name": null, 
      "id_str": "715778927214661632", 
      "retweet_count": 0, 
      "in_reply_to_user_id": null, 
      "favorited": false, 
      "user": {
        "follow_request_sent": null, 
        "profile_use_background_image": true, 
        "default_profile_image": false, 
        "id": 1007322086, 
        "default_profile": true, 
        "verified": false, 
        "profile_image_url_https": "https://pbs.twimg.com/profile_images/1039011360296775681/5xNt6B15_normal.jpg", 
        "profile_sidebar_fill_color": "DDEEF6", 
        "profile_text_color": "333333", 
        "followers_count": 376, 
        "profile_sidebar_border_color": "C0DEED", 
        "id_str": "1007322086", 
        "profile_background_color": "C0DEED", 
        "listed_count": 11, 
        "profile_background_image_url_https": "https://abs.twimg.com/images/themes/theme1/bg.png", 
        "utc_offset": null, 
        "statuses_count": 25751, 
        "description": "\u201cIn order to be able to think you have to risk being offensive.\u201d - Dr. Jordan Peterson", 
        "friends_count": 590, 
        "location": "Vancouver, British Columbia", 
        "profile_link_color": "1DA1F2", 
        "profile_image_url": "http://pbs.twimg.com/profile_images/1039011360296775681/5xNt6B15_normal.jpg", 
        "following": null, 
        "geo_enabled": true, 
        "profile_banner_url": "https://pbs.twimg.com/profile_banners/1007322086/1470328365", 
        "profile_background_image_url": "http://abs.twimg.com/images/themes/theme1/bg.png", 
        "name": "Michael Davis", 
        "lang": "en", 
        "profile_background_tile": false, 
        "favourites_count": 29176, 
        "screen_name": "KingDavie24", 
        "notifications": null, 
        "url": null, 
        "created_at": "Wed Dec 12 21:13:21 +0000 2012", 
        "contributors_enabled": false, 
        "time_zone": null, 
        "protected": false, 
        "translator_type": "none", 
        "is_translator": false
      }, 
      "geo": null, 
      "in_reply_to_user_id_str": null, 
      "lang": "en", 
      "matching_rules": [
        {
          "tag": null
        }
      ], 
      "created_at": "Fri Apr 01 05:52:49 +0000 2016", 
      "filter_level": "low", 
      "in_reply_to_status_id_str": null, 
      "place": {
        "country_code": "CA", 
        "url": "https://api.twitter.com/1.1/geo/id/1e5cb4d0509db554.json", 
        "country": "Canada", 
        "place_type": "city", 
        "bounding_box": {
          "type": "Polygon", 
          "coordinates": [
            [
              [
                -123.224215, 
                49.19854
              ], 
              [
                -123.224215, 
                49.316738
              ], 
              [
                -123.022947, 
                49.316738
              ], 
              [
                -123.022947, 
                49.19854
              ]
            ]
          ]
        }, 
        "full_name": "Vancouver, British Columbia", 
        "attributes": {}, 
        "id": "1e5cb4d0509db554", 
        "name": "Vancouver"
      }
    }, 
    {
      "quote_count": 0, 
      "contributors": null, 
      "truncated": false, 
      "text": "The Liberals are like Oprah - some for you and some for everyone! Except Oprah has money to give https://t.co/AtNjQi87xc", 
      "is_quote_status": false, 
      "in_reply_to_status_id": null, 
      "reply_count": 0, 
      "id": 715716001279647745, 
      "favorite_count": 0, 
      "source": "<a href=\"http://twitter.com/download/iphone\" rel=\"nofollow\">Twitter for iPhone</a>", 
      "retweeted": false, 
      "coordinates": null, 
      "entities": {
        "user_mentions": [], 
        "symbols": [], 
        "hashtags": [], 
        "urls": [
          {
            "url": "https://t.co/AtNjQi87xc", 
            "indices": [
              97, 
              120
            ], 
            "expanded_url": "http://www.cbc.ca/news/canada/new-brunswick/marijuana-brunswick-legalization-working-group-1.3514725", 
            "display_url": "cbc.ca/news/canada/ne\u2026"
          }
        ]
      }, 
      "in_reply_to_screen_name": null, 
      "id_str": "715716001279647745", 
      "retweet_count": 0, 
      "in_reply_to_user_id": null, 
      "favorited": false, 
      "user": {
        "follow_request_sent": null, 
        "profile_use_background_image": true, 
        "default_profile_image": false, 
        "id": 174499264, 
        "default_profile": true, 
        "verified": false, 
        "profile_image_url_https": "https://pbs.twimg.com/profile_images/888491246041391104/fXVxweEh_normal.jpg", 
        "profile_sidebar_fill_color": "DDEEF6", 
        "profile_text_color": "333333", 
        "followers_count": 75, 
        "profile_sidebar_border_color": "C0DEED", 
        "id_str": "174499264", 
        "profile_background_color": "C0DEED", 
        "listed_count": 3, 
        "profile_background_image_url_https": "https://abs.twimg.com/images/themes/theme1/bg.png", 
        "utc_offset": null, 
        "statuses_count": 1314, 
        "description": "Nothing boosts confidence more than great skin! But not all skincare changes your skin. This is why I joined North America's no 1 skincare company, R+F \ud83c\udfc6\ud83e\udd47", 
        "friends_count": 222, 
        "location": "Canada", 
        "profile_link_color": "1DA1F2", 
        "profile_image_url": "http://pbs.twimg.com/profile_images/888491246041391104/fXVxweEh_normal.jpg", 
        "following": null, 
        "geo_enabled": true, 
        "profile_banner_url": "https://pbs.twimg.com/profile_banners/174499264/1534274764", 
        "profile_background_image_url": "http://abs.twimg.com/images/themes/theme1/bg.png", 
        "name": "Traci Demmons", 
        "lang": "en", 
        "profile_background_tile": false, 
        "favourites_count": 322, 
        "screen_name": "tracifulton", 
        "notifications": null, 
        "url": "http://tdemmons.myrandf.com/ca", 
        "created_at": "Wed Aug 04 02:20:22 +0000 2010", 
        "contributors_enabled": false, 
        "time_zone": null, 
        "protected": false, 
        "translator_type": "none", 
        "is_translator": false
      }, 
      "geo": null, 
      "in_reply_to_user_id_str": null, 
      "possibly_sensitive": false, 
      "lang": "en", 
      "matching_rules": [
        {
          "tag": null
        }
      ], 
      "created_at": "Fri Apr 01 01:42:46 +0000 2016", 
      "filter_level": "low", 
      "in_reply_to_status_id_str": null, 
      "place": {
        "country_code": "CA", 
        "url": "https://api.twitter.com/1.1/geo/id/349f43f819b079b9.json", 
        "country": "Canada", 
        "place_type": "city", 
        "bounding_box": {
          "type": "Polygon", 
          "coordinates": [
            [
              [
                -66.783402, 
                45.868781
              ], 
              [
                -66.783402, 
                46.022143
              ], 
              [
                -66.549753, 
                46.022143
              ], 
              [
                -66.549753, 
                45.868781
              ]
            ]
          ]
        }, 
        "full_name": "Fredericton, New Brunswick", 
        "attributes": {}, 
        "id": "349f43f819b079b9", 
        "name": "Fredericton"
      }
    }
  ], 
  "requestParameters": {
    "toDate": "201610010000", 
    "fromDate": "201604010000", 
    "maxResults": 100
  }
}